ts,followers,text_len,likes_mid,rts_mid,replies_mid,likes_low,likes_high,rts_low,rts_high,replies_low,replies_high,feat_ms,ml_ms,persona_ms,calibration_ms,scaling_ms,ranges_ms,predict_blended_total_ms,route_total_ms,models_likes,models_retweets,models_replies,weights_mode
2025-08-15T02:33:45Z,140000,125,87,23,8,31,150,8,38,2,16,6265,255,11171,62,0,1259,17754,19017,NEW,NEW,NEW,dynamic
2025-08-15T02:34:15Z,140000,116,76,20,7,21,138,6,34,0,15,2289,131,8750,55,0,956,11226,12185,NEW,NEW,NEW,dynamic
2025-08-15T02:34:58Z,140000,179,77,26,7,24,130,9,43,0,11,3173,181,23325,105,0,1244,26786,28035,NEW,NEW,NEW,dynamic
2025-08-15T02:35:29Z,140000,230,76,21,7,20,139,7,35,4,12,3406,207,11298,50,0,1064,14962,16029,NEW,NEW,NEW,dynamic
2025-08-15T02:36:01Z,140000,58,149,27,13,111,187,11,43,8,16,2710,237,11588,124,0,1632,14660,16297,NEW,NEW,NEW,dynamic
2025-08-15T02:45:55Z,140000,58,149,27,13,111,187,11,43,8,16,4064,133,4174,58,0,984,8431,9418,NEW,NEW,NEW,dynamic
2025-08-15T02:48:22Z,140000,481,67,21,6,16,124,6,36,0,13,5964,251,18283,55,0,1121,24555,25679,NEW,NEW,NEW,dynamic
2025-08-15T02:52:02Z,140000,460,67,21,6,16,124,6,36,0,13,6343,258,36665,64,0,929,43331,44263,NEW,NEW,NEW,dynamic
2025-08-15T02:53:53Z,140000,461,67,21,6,16,124,6,36,0,13,6022,231,15002,63,0,877,21320,22200,NEW,NEW,NEW,dynamic
2025-08-15T02:54:17Z,140000,58,149,27,13,111,187,11,43,8,16,2834,205,6891,50,0,903,9981,10886,NEW,NEW,NEW,dynamic
2025-08-15T02:54:49Z,140000,238,78,15,7,25,138,4,26,5,11,4820,289,13538,48,0,1053,18697,19753,NEW,NEW,NEW,dynamic
2025-08-15T02:55:18Z,140000,120,87,23,8,34,154,8,42,2,13,3102,233,13353,61,0,1123,16750,17876,NEW,NEW,NEW,dynamic
2025-08-15T02:55:43Z,140000,83,94,21,8,40,155,7,35,0,17,2184,145,5261,63,0,950,7654,8607,NEW,NEW,NEW,dynamic
2025-08-15T02:58:01Z,140000,74,156,27,14,99,250,11,47,12,16,2876,216,12424,100,0,1547,15617,17168,NEW,NEW,NEW,dynamic
2025-08-15T03:02:57Z,140000,73,200,33,17,160,320,15,56,15,19,5519,243,10375,105,0,1370,16244,17618,NEW,NEW,NEW,dynamic
2025-08-15T03:03:20Z,140000,83,101,23,9,49,161,8,38,0,17,2930,212,12293,131,0,1324,15569,16897,NEW,NEW,NEW,dynamic
2025-08-15T03:03:48Z,140000,120,156,26,14,56,282,10,46,12,16,2780,211,18669,98,0,1257,21759,23020,NEW,NEW,NEW,dynamic
2025-08-15T03:04:29Z,140000,239,110,18,10,47,182,5,31,6,18,2908,197,12925,62,0,1102,16095,17200,NEW,NEW,NEW,dynamic
2025-08-15T03:06:50Z,140000,230,102,23,9,50,162,8,38,7,14,2892,212,10582,60,0,886,13748,14638,NEW,NEW,NEW,dynamic
2025-08-15T03:36:36Z,140000,18,171,33,15,117,236,8,58,8,26,11716,91,1500,36,0,2579,13345,15947,NEW,NEW,NEW,dynamic
2025-08-15T03:36:52Z,140000,3,203,60,18,155,251,29,91,3,22,2253,109,722,46,0,837,3131,3970,NEW,NEW,NEW,dynamic
2025-08-15T03:37:34Z,140000,222,114,22,10,51,186,8,36,8,15,2479,107,7598,34,0,847,10220,11068,NEW,NEW,NEW,dynamic
2025-08-15T03:37:57Z,140000,63,199,36,17,157,318,17,61,15,26,2148,62,3580,28,0,835,5820,6657,NEW,NEW,NEW,dynamic
2025-08-15T03:38:24Z,140000,205,104,23,9,37,171,8,38,7,11,2177,68,8526,33,0,809,10805,11616,NEW,NEW,NEW,dynamic
2025-08-15T03:38:46Z,140000,60,192,36,17,154,307,18,59,15,19,2167,62,3603,32,0,856,5866,6727,NEW,NEW,NEW,dynamic
2025-08-15T03:49:25Z,140000,102,182,25,16,95,269,9,41,14,18,6834,83,5039,42,0,795,12001,12798,NEW,NEW,NEW,dynamic
2025-08-15T03:53:22Z,140000,103,182,25,16,94,270,9,41,5,23,126113,89,4759,42,0,873,131005,131880,NEW,NEW,NEW,dynamic
2025-08-15T03:54:29Z,140000,98,171,25,15,61,281,9,41,11,19,2299,79,5196,32,0,865,7608,8475,NEW,NEW,NEW,dynamic
2025-08-15T03:54:51Z,140000,109,175,27,15,89,301,11,47,13,22,2463,84,4543,34,0,810,7126,7938,NEW,NEW,NEW,dynamic
2025-08-15T03:55:18Z,140000,255,106,15,9,43,177,4,26,7,14,2433,84,10689,33,0,825,13241,14067,NEW,NEW,NEW,dynamic
2025-08-15T03:55:47Z,140000,155,110,21,10,40,180,7,35,8,12,2688,80,6229,45,0,977,9043,10022,NEW,NEW,NEW,dynamic
2025-08-15T03:56:12Z,140000,257,137,26,12,84,200,10,42,9,19,2416,85,10080,42,0,1107,12624,13733,NEW,NEW,NEW,dynamic
2025-08-15T04:24:35Z,140000,46,221,41,19,165,291,21,61,17,28,11718,105,2410,38,0,829,14272,15103,NEW,NEW,NEW,dynamic
2025-08-15T04:24:51Z,140000,68,122,23,11,69,184,9,37,0,20,3241,73,3290,32,0,896,6637,7535,NEW,NEW,NEW,dynamic
2025-08-15T04:25:24Z,140000,242,92,20,8,38,146,6,34,6,10,2463,76,5783,37,0,826,8360,9188,NEW,NEW,NEW,dynamic
2025-08-15T04:25:56Z,140000,226,71,16,6,18,130,4,28,4,10,2223,84,7647,31,0,810,9986,10798,NEW,NEW,NEW,dynamic
2025-08-15T04:26:27Z,140000,354,113,24,10,15,222,7,41,5,19,2232,78,8244,34,0,828,10590,11420,NEW,NEW,NEW,dynamic
2025-08-15T04:26:54Z,140000,226,91,22,8,36,153,7,37,4,15,2156,78,7321,35,0,904,9592,10498,NEW,NEW,NEW,dynamic
2025-08-15T04:27:22Z,140000,79,97,24,8,44,173,9,43,0,19,2380,87,4329,34,0,832,6831,7664,NEW,NEW,NEW,dynamic
2025-08-15T04:53:23Z,140000,78,98,24,9,45,174,9,43,1,19,11771,64,389,52,0,797,12278,13077,NEW,NEW,NEW,dynamic
2025-08-15T04:53:45Z,140000,85,124,27,11,74,201,10,48,6,20,2262,65,370,25,0,932,2724,3658,NEW,NEW,NEW,dynamic
2025-08-15T04:54:00Z,140000,48,124,22,11,69,188,8,36,5,20,2221,76,352,33,0,858,2683,3543,NEW,NEW,NEW,dynamic
2025-08-15T04:54:14Z,140000,98,168,25,15,50,286,9,41,12,18,2247,78,420,33,0,803,2779,3584,NEW,NEW,NEW,dynamic
2025-08-15T04:54:28Z,140000,296,114,34,10,13,226,12,56,5,19,2242,73,675,37,0,810,3028,3839,NEW,NEW,NEW,dynamic
2025-08-15T04:54:44Z,140000,255,105,15,9,42,176,4,26,7,14,2215,78,755,40,0,822,3089,3913,NEW,NEW,NEW,dynamic
2025-08-15T04:55:14Z,15900,257,68,8,4,19,123,3,13,0,10,2340,82,640,36,0,786,3100,3888,NEW,NEW,NEW,dynamic
2025-08-15T04:56:33Z,15900,252,73,9,5,2,151,4,14,0,12,2149,81,666,36,0,784,2933,3719,NEW,NEW,NEW,dynamic
2025-08-15T05:01:50Z,2546,792,44,2,2,1,91,0,14,0,5,2463,69,1508,37,0,803,4077,4882,NEW,NEW,NEW,dynamic
2025-08-15T05:02:57Z,1482,356,33,3,1,10,59,0,16,0,3,2218,75,1060,38,0,812,3392,4206,NEW,NEW,NEW,dynamic
2025-08-15T05:03:28Z,285,143,11,1,0,0,63,0,7,0,2,2333,75,527,35,0,850,2972,3825,NEW,NEW,NEW,dynamic
2025-08-15T05:03:50Z,621,116,18,2,1,0,88,0,9,0,3,2284,73,462,37,0,893,2857,3752,NEW,NEW,NEW,dynamic
2025-08-15T05:04:43Z,34200,252,111,11,8,60,170,6,16,1,15,2395,73,756,36,0,834,3261,4096,NEW,NEW,NEW,dynamic
2025-08-15T05:12:21Z,34200,161,47,8,3,27,63,3,12,0,6,2438,67,544,35,0,782,3086,3869,NEW,NEW,NEW,dynamic
2025-08-15T05:19:03Z,34200,161,47,8,3,27,63,3,12,0,6,2410,74,525,36,0,834,3047,3884,NEW,NEW,NEW,dynamic
2025-08-16T10:54:30Z,100,34,39,16,1,0,2421,0,548,0,101,12760,127,292,58,0,3425,13240,16667,NEW,NEW,NEW,dynamic
2025-08-16T10:54:30Z,100,70,30,9,1,0,1537,0,205,0,64,8149,91,491,63,0,3117,8796,11915,NEW,NEW,NEW,dynamic
2025-08-16T10:54:30Z,100,76,25,11,1,0,1402,0,279,0,59,14123,117,483,42,0,2464,14767,17238,NEW,NEW,NEW,dynamic
2025-08-16T10:54:30Z,100,76,25,11,1,0,1402,0,279,0,59,9693,91,474,60,0,1685,10320,12009,NEW,NEW,NEW,dynamic
2025-08-16T10:54:31Z,100,70,30,9,1,0,1537,0,205,0,64,15838,118,468,43,0,1253,16469,17725,NEW,NEW,NEW,dynamic
2025-08-16T10:54:31Z,100,34,39,16,1,0,2421,0,548,0,101,11418,85,205,29,0,918,11739,12661,NEW,NEW,NEW,dynamic
2025-08-16T10:54:33Z,100,53,34,16,1,0,2136,0,467,0,89,7447,70,501,36,0,903,8056,8974,NEW,NEW,NEW,dynamic
2025-08-16T10:55:01Z,100,71,28,19,1,0,1510,0,607,0,63,2762,121,452,49,0,1406,3385,4794,NEW,NEW,NEW,dynamic
2025-08-16T10:55:01Z,100,46,32,14,1,0,1780,0,402,0,74,3435,101,371,38,0,978,3946,4927,NEW,NEW,NEW,dynamic
2025-08-16T10:55:07Z,100,53,34,16,1,0,2136,0,467,0,89,2647,94,437,45,0,857,3225,4085,NEW,NEW,NEW,dynamic
2025-08-16T10:55:14Z,100,46,32,14,1,0,1780,0,402,0,74,2764,94,368,42,0,902,3270,4175,NEW,NEW,NEW,dynamic
2025-08-16T10:55:19Z,100,71,28,19,1,0,1510,0,607,0,63,2413,104,452,57,0,883,3028,3914,NEW,NEW,NEW,dynamic
2025-08-16T10:55:25Z,100,53,34,16,1,0,2136,0,467,0,89,2418,93,424,42,0,1013,2980,3995,NEW,NEW,NEW,dynamic
2025-08-16T10:57:35Z,100,116,12,2,0,0,177,0,26,0,2,5609,104,505,52,0,3954,6272,10234,NEW,NEW,NEW,dynamic
2025-08-16T10:57:36Z,100,145,15,2,0,0,308,0,36,0,2,6317,109,636,56,0,4154,7120,11276,NEW,NEW,NEW,dynamic
2025-08-16T10:57:36Z,100,122,12,1,0,0,55,0,12,0,2,7148,111,775,59,0,3221,8095,11323,NEW,NEW,NEW,dynamic
2025-08-16T10:57:37Z,100,106,15,3,0,0,365,0,38,0,2,8314,99,535,59,0,2609,9008,11624,NEW,NEW,NEW,dynamic
2025-08-16T10:57:37Z,100,120,13,1,0,0,194,0,11,0,2,9235,90,627,56,0,1833,10010,11847,NEW,NEW,NEW,dynamic
2025-08-16T10:57:37Z,100,93,15,3,1,0,424,0,55,0,18,10285,94,644,208,0,1094,11233,12330,NEW,NEW,NEW,dynamic
2025-08-16T10:57:44Z,100,108,13,2,0,0,299,0,31,0,2,2475,98,633,51,0,872,3259,4133,NEW,NEW,NEW,dynamic
2025-08-16T10:57:50Z,100,145,15,2,0,0,308,0,36,0,2,2247,93,638,50,0,889,3029,3920,NEW,NEW,NEW,dynamic
2025-08-16T10:57:56Z,100,122,12,1,0,0,55,0,12,0,2,2433,98,575,43,0,902,3152,4056,NEW,NEW,NEW,dynamic
2025-08-16T10:58:02Z,100,116,12,2,0,0,177,0,26,0,2,2538,95,503,43,0,1045,3181,4228,NEW,NEW,NEW,dynamic
2025-08-16T10:58:08Z,100,93,15,3,1,0,424,0,55,0,18,2354,95,510,42,0,859,3003,3865,NEW,NEW,NEW,dynamic
2025-08-16T10:58:14Z,100,106,15,3,0,0,365,0,38,0,2,2480,94,915,51,0,878,3542,4422,NEW,NEW,NEW,dynamic
2025-08-16T10:58:44Z,100,120,13,1,0,0,194,0,11,0,2,25382,104,556,43,0,2014,26086,28103,NEW,NEW,NEW,dynamic
2025-08-16T10:58:51Z,100,108,13,2,0,0,299,0,31,0,2,2596,95,651,43,0,895,3388,4285,NEW,NEW,NEW,dynamic
2025-08-16T11:05:09Z,100,135,11,3,0,0,121,0,42,0,2,8683,89,655,55,0,3509,9483,12997,NEW,NEW,NEW,dynamic
2025-08-16T11:05:09Z,100,99,11,3,0,0,189,0,51,0,2,8005,101,504,42,0,4374,8654,13033,NEW,NEW,NEW,dynamic
2025-08-16T11:05:09Z,100,95,10,2,0,0,114,0,31,0,2,9513,130,564,57,0,2787,10266,13062,NEW,NEW,NEW,dynamic
2025-08-16T11:05:09Z,100,144,13,3,0,0,183,0,46,0,2,10298,103,703,270,0,1758,11375,13140,NEW,NEW,NEW,dynamic
2025-08-16T11:05:09Z,100,150,11,3,0,0,100,0,41,0,2,11541,71,441,40,0,1358,12094,13455,NEW,NEW,NEW,dynamic
2025-08-16T11:05:10Z,100,114,13,1,0,0,52,0,8,0,2,12256,60,486,39,0,984,12842,13829,NEW,NEW,NEW,dynamic
2025-08-16T11:05:16Z,100,108,12,2,0,0,186,0,26,0,2,2456,94,656,50,0,857,3256,4116,NEW,NEW,NEW,dynamic
2025-08-16T11:05:22Z,100,108,12,2,0,0,186,0,26,0,2,2351,95,636,59,0,882,3143,4027,NEW,NEW,NEW,dynamic
2025-08-16T11:05:29Z,100,144,13,3,0,0,183,0,46,0,2,2832,101,740,52,0,917,3727,4648,NEW,NEW,NEW,dynamic
2025-08-16T11:05:35Z,100,135,11,3,0,0,121,0,42,0,2,2339,103,728,57,0,855,3229,4087,NEW,NEW,NEW,dynamic
2025-08-16T11:05:41Z,100,95,10,2,0,0,114,0,31,0,2,2524,123,582,50,0,869,3280,4151,NEW,NEW,NEW,dynamic
2025-08-16T11:05:47Z,100,99,11,3,0,0,189,0,51,0,2,2652,84,519,44,0,869,3300,4172,NEW,NEW,NEW,dynamic
2025-08-16T11:06:17Z,100,150,11,3,0,0,100,0,41,0,2,2487,98,681,34,0,24067,3302,27371,NEW,NEW,NEW,dynamic
2025-08-16T11:06:22Z,100,114,13,1,0,0,52,0,8,0,2,2059,67,377,31,0,716,2536,3254,NEW,NEW,NEW,dynamic
2025-08-17T02:52:09Z,100,88,18,2,1,0,596,0,17,0,25,9239,331,3123,1484,0,7669,14179,22063,NEW,NEW,NEW,dynamic
2025-08-17T02:52:09Z,100,88,23,5,1,0,1040,0,52,0,34,9240,383,2258,1367,0,8638,13249,22062,NEW,NEW,NEW,dynamic
2025-08-17T02:52:09Z,100,68,49,15,2,0,3314,0,376,0,33,9267,812,2984,1471,0,7734,14535,22298,NEW,NEW,NEW,dynamic
2025-08-17T02:52:10Z,100,143,12,1,0,0,115,0,10,0,2,9264,862,3640,807,0,7818,14575,22526,NEW,NEW,NEW,dynamic
2025-08-17T02:52:10Z,100,81,32,5,1,0,2071,0,77,0,23,9307,809,2529,1772,0,8013,14419,22517,NEW,NEW,NEW,dynamic
2025-08-17T02:52:10Z,100,114,12,2,0,0,164,0,21,0,2,9261,884,3842,574,0,7953,14562,22536,NEW,NEW,NEW,dynamic
2025-08-17T02:52:10Z,100,88,23,5,1,0,1040,0,52,0,34,9687,294,1107,1288,0,5164,12377,17551,NEW,NEW,NEW,dynamic
2025-08-17T02:52:10Z,100,81,32,5,1,0,2071,0,77,0,23,9842,1419,1728,1779,0,3012,14769,17986,NEW,NEW,NEW,dynamic
2025-08-17T02:52:10Z,100,68,49,15,2,0,3314,0,376,0,33,9850,1105,1627,2098,0,3374,14681,18195,NEW,NEW,NEW,dynamic
2025-08-17T02:52:10Z,100,114,12,2,0,0,164,0,21,0,2,11478,1681,1682,837,0,2392,15680,18197,NEW,NEW,NEW,dynamic
2025-08-17T02:52:11Z,100,143,12,1,0,0,115,0,10,0,2,10728,2295,2719,809,0,1904,16552,18470,NEW,NEW,NEW,dynamic
2025-08-17T02:52:11Z,100,88,18,2,1,0,596,0,17,0,25,12601,2057,1412,708,0,1605,16780,18475,NEW,NEW,NEW,dynamic
2025-08-17T02:53:23Z,100,68,49,15,2,0,3314,0,376,0,33,77378,76,450,453,0,1369,78358,79858,NEW,NEW,NEW,dynamic
2025-08-17T02:53:23Z,100,68,49,15,2,0,3314,0,376,0,33,73010,145,333,26,0,1100,73515,74914,NEW,NEW,NEW,dynamic
2025-08-17T02:53:24Z,100,68,49,15,2,0,3314,0,376,0,33,82653,430,495,61,0,1762,83640,85614,NEW,NEW,NEW,dynamic
2025-08-17T02:53:26Z,100,68,49,15,2,0,3314,0,376,0,33,71167,43,366,21,0,856,71599,72456,NEW,NEW,NEW,dynamic
2025-08-17T02:54:40Z,100,109,16,4,1,0,323,0,32,0,11,4016,95,419,42,0,892,4573,5471,NEW,NEW,NEW,dynamic
2025-08-17T02:54:45Z,100,170,12,2,0,0,130,0,22,0,2,7195,74,886,56,0,2596,8213,10816,NEW,NEW,NEW,dynamic
2025-08-17T02:54:46Z,100,88,18,2,1,0,596,0,17,0,25,7426,816,417,53,0,3355,8713,12072,NEW,NEW,NEW,dynamic
2025-08-17T02:54:47Z,100,92,16,3,1,0,369,0,17,0,12,9610,95,812,119,0,2319,10639,13041,NEW,NEW,NEW,dynamic
2025-08-17T02:54:48Z,100,81,32,5,1,0,2071,0,77,0,23,9885,772,695,590,0,1313,11943,13268,NEW,NEW,NEW,dynamic
2025-08-17T02:54:48Z,100,137,12,2,0,0,172,0,21,0,2,10108,872,917,95,0,1397,11994,13397,NEW,NEW,NEW,dynamic
2025-08-17T02:54:55Z,100,81,32,5,1,0,2071,0,77,0,23,9278,1333,2159,544,0,1858,13315,15186,NEW,NEW,NEW,dynamic
2025-08-17T02:54:55Z,100,137,12,2,0,0,172,0,21,0,2,9220,569,2986,597,0,1930,13374,15318,NEW,NEW,NEW,dynamic
2025-08-17T02:54:55Z,100,92,16,3,1,0,369,0,17,0,12,9517,1527,1426,869,0,1961,13342,15337,NEW,NEW,NEW,dynamic
2025-08-17T02:54:55Z,100,109,16,4,1,0,323,0,32,0,11,9292,1234,2600,268,0,1927,13396,15337,NEW,NEW,NEW,dynamic
2025-08-17T02:54:55Z,100,170,12,2,0,0,130,0,22,0,2,9256,756,3232,167,0,2035,13413,15452,NEW,NEW,NEW,dynamic
2025-08-17T02:54:55Z,100,88,18,2,1,0,596,0,17,0,25,9265,1281,2306,513,0,2053,13366,15436,NEW,NEW,NEW,dynamic
2025-08-17T02:54:55Z,100,68,49,15,2,0,3314,0,376,0,33,8097,75,427,43,0,1528,8644,10197,NEW,NEW,NEW,dynamic
2025-08-17T02:56:08Z,100,68,49,15,2,0,3314,0,376,0,33,27984,44,305,26,0,48426,28360,77121,NEW,NEW,NEW,dynamic
2025-08-17T02:56:14Z,100,68,49,15,2,0,3314,0,376,0,33,72950,49,362,37,0,5408,73400,78816,NEW,NEW,NEW,dynamic
2025-08-17T02:56:16Z,100,170,12,2,0,0,130,0,22,0,2,18525,447,1084,277,0,4357,20334,24738,NEW,NEW,NEW,dynamic
2025-08-17T02:56:16Z,100,109,16,4,1,0,323,0,32,0,11,18567,600,795,315,0,4546,20278,24828,NEW,NEW,NEW,dynamic
2025-08-17T02:56:17Z,100,88,23,5,1,0,1040,0,52,0,34,20451,113,1257,916,0,2838,22738,25640,NEW,NEW,NEW,dynamic
2025-08-17T02:56:17Z,100,88,18,2,1,0,596,0,17,0,25,20825,2061,940,421,0,1396,24249,25651,NEW,NEW,NEW,dynamic
2025-08-17T02:56:17Z,100,135,12,2,0,0,158,0,21,0,2,20463,166,1537,838,0,2497,23006,25726,NEW,NEW,NEW,dynamic
2025-08-17T02:56:17Z,100,137,12,2,0,0,172,0,21,0,2,65546,2154,1214,81,0,1539,68996,70537,NEW,NEW,NEW,dynamic
2025-08-17T02:56:17Z,100,92,16,3,1,0,369,0,17,0,12,20665,1633,1399,537,0,1731,24236,25983,NEW,NEW,NEW,dynamic
2025-08-17T02:56:19Z,100,68,49,15,2,0,3314,0,376,0,33,76438,45,389,33,0,1418,76905,78325,NEW,NEW,NEW,dynamic
2025-08-17T02:56:22Z,100,68,49,15,2,0,3314,0,376,0,33,2044,45,300,23,0,831,2413,3245,NEW,NEW,NEW,dynamic
2025-08-17T02:57:28Z,100,68,49,15,2,0,3314,0,376,0,33,47754,46,294,28,0,15894,48123,64018,NEW,NEW,NEW,dynamic
2025-08-17T02:57:30Z,100,68,49,15,2,0,3314,0,376,0,33,32063,47,303,30,0,888,32444,33335,NEW,NEW,NEW,dynamic
2025-08-17T02:57:32Z,100,135,12,2,0,0,158,0,21,0,2,1733,42,466,26,0,783,2268,3146,NEW,NEW,NEW,dynamic
2025-08-17T02:57:38Z,100,88,18,2,1,0,596,0,17,0,25,2008,44,471,23,0,810,2548,3359,NEW,NEW,NEW,dynamic
2025-08-17T02:57:43Z,100,170,12,2,0,0,130,0,22,0,2,1667,45,522,28,0,778,2263,3043,NEW,NEW,NEW,dynamic
2025-08-17T02:57:48Z,100,109,16,4,1,0,323,0,32,0,11,2028,44,363,25,0,838,2462,3301,NEW,NEW,NEW,dynamic
2025-08-17T02:57:53Z,100,92,16,3,1,0,369,0,17,0,12,1995,46,395,24,0,799,2462,3263,NEW,NEW,NEW,dynamic
2025-08-17T02:57:58Z,100,88,23,5,1,0,1040,0,52,0,34,1957,49,371,27,0,781,2406,3189,NEW,NEW,NEW,dynamic
2025-08-17T05:31:00Z,100,68,71,17,2,0,6036,0,539,0,46,6854,605,1380,1073,0,6925,9914,17108,NEW,NEW,NEW,dynamic
2025-08-17T05:31:02Z,100,92,21,4,1,0,966,0,30,0,32,8464,1999,4709,976,0,2534,16150,18702,NEW,NEW,NEW,dynamic
2025-08-17T05:31:02Z,100,114,15,3,0,0,298,0,30,0,2,7545,1385,4975,1929,0,2708,15834,18828,NEW,NEW,NEW,dynamic
2025-08-17T05:31:02Z,100,88,34,5,1,0,1960,0,70,0,47,7543,1596,3639,2435,0,3367,15214,18857,NEW,NEW,NEW,dynamic
2025-08-17T05:31:02Z,100,170,12,3,0,0,169,0,32,0,2,8200,1786,6053,218,0,2789,16259,19053,NEW,NEW,NEW,dynamic
2025-08-17T05:31:02Z,100,109,21,4,1,0,751,0,42,0,25,9980,3214,2880,170,0,2798,16246,19052,NEW,NEW,NEW,dynamic
2025-08-17T05:31:09Z,100,68,71,17,2,0,6036,0,539,0,46,2481,167,1050,82,0,967,3782,4753,NEW,NEW,NEW,dynamic
2025-08-17T05:31:15Z,100,68,71,17,2,0,6036,0,539,0,46,2229,154,664,63,0,1018,3112,4132,NEW,NEW,NEW,dynamic
2025-08-17T05:31:22Z,100,114,15,3,0,0,298,0,30,0,2,2202,155,1098,63,0,1030,3520,4552,NEW,NEW,NEW,dynamic
2025-08-17T05:32:15Z,100,68,71,17,2,0,6036,0,539,0,46,25241,135,592,64,0,25015,26033,51051,NEW,NEW,NEW,dynamic
2025-08-17T05:32:16Z,100,68,71,17,2,0,6036,0,539,0,46,17262,127,732,67,0,1239,18190,19434,NEW,NEW,NEW,dynamic
2025-08-17T05:32:22Z,100,109,21,4,1,0,751,0,42,0,25,2112,164,1196,72,0,1170,3544,4717,NEW,NEW,NEW,dynamic
2025-08-17T05:32:29Z,100,88,34,5,1,0,1960,0,70,0,47,2219,120,865,63,0,914,3268,4187,NEW,NEW,NEW,dynamic
2025-08-17T05:32:35Z,100,92,21,4,1,0,966,0,30,0,32,2015,113,826,62,0,960,3016,3979,NEW,NEW,NEW,dynamic
2025-08-17T05:32:42Z,100,170,12,3,0,0,169,0,32,0,2,2237,102,1417,60,0,1195,3817,5015,NEW,NEW,NEW,dynamic
2025-08-17T07:37:51Z,100,99,19,4,1,0,685,0,67,0,29,9034,302,1634,2368,0,3499,13339,17137,NEW,NEW,NEW,dynamic
2025-08-17T07:37:51Z,100,277,21,3,1,0,1015,0,51,0,21,9115,1041,3858,693,0,2537,14709,17320,NEW,NEW,NEW,dynamic
2025-08-17T07:37:51Z,100,225,19,3,1,0,645,0,50,0,27,9197,1871,3367,377,0,2651,14813,17560,NEW,NEW,NEW,dynamic
2025-08-17T07:37:51Z,100,275,24,5,1,0,1328,0,99,0,21,12009,2536,1603,78,0,1428,16228,17676,NEW,NEW,NEW,dynamic
2025-08-17T07:37:57Z,100,291,22,6,1,0,1010,0,141,0,31,1968,105,1240,56,0,911,3371,4284,NEW,NEW,NEW,dynamic
2025-08-17T07:38:04Z,100,291,22,6,1,0,1010,0,141,0,31,1903,114,1349,55,0,892,3422,4317,NEW,NEW,NEW,dynamic
2025-08-17T07:38:10Z,100,99,19,4,1,0,685,0,67,0,29,1870,116,867,60,0,900,2915,3818,NEW,NEW,NEW,dynamic
2025-08-17T07:38:39Z,100,275,24,5,1,0,1328,0,99,0,21,1906,110,1367,56,0,23938,3440,27381,NEW,NEW,NEW,dynamic
2025-08-17T07:39:09Z,100,277,21,3,1,0,1015,0,51,0,21,25029,142,1633,55,0,933,26860,27796,NEW,NEW,NEW,dynamic
2025-08-17T07:39:16Z,100,225,19,3,1,0,645,0,50,0,27,2464,147,1628,84,0,981,4325,5309,NEW,NEW,NEW,dynamic
2025-08-17T08:08:07Z,100,10,11,5,0,0,75,0,59,0,2,5334,192,322,92,0,1145,5942,7089,NEW,NEW,NEW,dynamic
2025-08-17T08:08:17Z,100,257,27,4,1,0,1142,0,76,0,48,9149,125,2805,1460,0,3178,13542,16846,NEW,NEW,NEW,dynamic
2025-08-17T08:08:17Z,100,276,25,4,1,0,1421,0,79,0,32,9454,1634,3617,723,0,1516,15430,16950,NEW,NEW,NEW,dynamic
2025-08-17T08:08:18Z,100,272,30,6,1,0,1600,0,136,0,50,11142,2557,2305,61,0,1357,16067,17428,NEW,NEW,NEW,dynamic
2025-08-17T08:08:25Z,100,291,24,6,1,0,1323,0,141,0,46,1995,105,1706,53,0,891,3860,4753,NEW,NEW,NEW,dynamic
2025-08-17T08:08:31Z,100,291,24,6,1,0,1323,0,141,0,46,1988,104,1532,55,0,887,3682,4572,NEW,NEW,NEW,dynamic
2025-08-17T08:08:37Z,100,10,11,5,0,0,75,0,59,0,2,1948,106,370,58,0,884,2483,3369,NEW,NEW,NEW,dynamic
2025-08-17T08:08:44Z,100,276,25,4,1,0,1421,0,79,0,32,1990,132,1752,53,0,932,3929,4863,NEW,NEW,NEW,dynamic
2025-08-17T08:09:26Z,100,257,27,4,1,0,1142,0,76,0,48,5156,120,1759,81,0,1160,7118,8280,NEW,NEW,NEW,dynamic
2025-08-17T08:09:29Z,100,257,27,4,1,0,1142,0,76,0,48,40657,135,1847,62,0,1080,42703,43786,NEW,NEW,NEW,dynamic
2025-08-17T08:09:33Z,100,272,30,6,1,0,1600,0,136,0,50,2062,109,1550,63,0,1018,3785,4809,NEW,NEW,NEW,dynamic
2025-08-17T08:11:05Z,100,272,30,6,1,0,1600,0,136,0,50,4577,939,2436,1772,0,7643,9725,17527,NEW,NEW,NEW,dynamic
2025-08-17T08:11:05Z,100,226,20,3,1,0,695,0,56,0,29,6196,1777,3190,1999,0,4542,13163,18306,NEW,NEW,NEW,dynamic
2025-08-17T08:11:06Z,100,10,11,5,0,0,75,0,59,0,2,8503,4542,1090,2473,0,2039,16609,18778,NEW,NEW,NEW,dynamic
2025-08-17T08:11:06Z,100,275,26,5,1,0,1743,0,99,0,32,7324,2709,5042,1805,0,1859,16882,18764,NEW,NEW,NEW,dynamic
2025-08-17T08:11:06Z,100,280,19,3,1,0,581,0,38,0,24,7925,3243,4841,938,0,1933,16948,18893,NEW,NEW,NEW,dynamic
2025-08-17T08:11:06Z,100,257,27,4,1,0,1142,0,76,0,48,9021,3744,4148,98,0,1886,17013,18901,NEW,NEW,NEW,dynamic
2025-08-17T08:11:13Z,100,291,24,6,1,0,1323,0,141,0,46,1926,139,1652,57,0,899,3776,4677,NEW,NEW,NEW,dynamic
2025-08-17T08:11:20Z,100,291,24,6,1,0,1323,0,141,0,46,1921,145,1651,54,0,1019,3772,4793,NEW,NEW,NEW,dynamic
2025-08-17T08:11:25Z,100,10,11,5,0,0,75,0,59,0,2,2084,135,508,72,0,963,2801,3766,NEW,NEW,NEW,dynamic
2025-08-17T08:12:18Z,100,226,20,3,1,0,695,0,56,0,29,48078,126,1551,183,0,934,49939,50876,NEW,NEW,NEW,dynamic
2025-08-17T08:12:22Z,100,226,20,3,1,0,695,0,56,0,29,19208,127,1601,56,0,897,20993,21893,NEW,NEW,NEW,dynamic
2025-08-17T08:12:30Z,100,272,30,6,1,0,1600,0,136,0,50,3453,107,1564,55,0,1463,5179,6645,NEW,NEW,NEW,dynamic
2025-08-17T08:12:37Z,100,275,26,5,1,0,1743,0,99,0,32,1954,106,1628,63,0,996,3753,4752,NEW,NEW,NEW,dynamic
2025-08-17T08:12:44Z,100,280,19,3,1,0,581,0,38,0,24,2237,138,1735,68,0,919,4179,5101,NEW,NEW,NEW,dynamic
2025-08-17T08:12:51Z,100,257,27,4,1,0,1142,0,76,0,48,2138,104,1493,59,0,984,3795,4782,NEW,NEW,NEW,dynamic
2025-08-17T08:24:02Z,100,30,33,5,1,0,1589,0,85,0,66,86288,222,664,513,0,1262,87689,89099,NEW,NEW,NEW,dynamic
2025-08-17T08:24:02Z,100,123,13,2,0,0,153,0,31,0,2,86439,899,702,109,0,1123,88150,89282,NEW,NEW,NEW,dynamic
2025-08-17T08:24:09Z,100,130,14,3,0,0,214,0,45,0,2,92120,288,1578,362,0,2025,94349,96687,NEW,NEW,NEW,dynamic
2025-08-17T08:24:09Z,100,65,22,7,1,0,720,0,147,0,30,92180,620,1378,505,0,1947,94684,96693,NEW,NEW,NEW,dynamic
2025-08-17T08:24:09Z,100,42,19,5,1,0,504,0,73,0,17,92631,1763,707,323,0,1284,95426,96717,NEW,NEW,NEW,dynamic
2025-08-17T08:24:09Z,100,79,24,7,1,0,840,0,141,0,35,92523,1838,954,116,0,1349,95431,96789,NEW,NEW,NEW,dynamic
2025-08-17T08:24:38Z,100,130,14,3,0,0,214,0,45,0,2,84808,665,1729,849,0,4272,88053,92739,NEW,NEW,NEW,dynamic
2025-08-17T08:24:38Z,100,30,33,5,1,0,1589,0,85,0,66,85218,1034,1091,1057,0,3994,88402,92741,NEW,NEW,NEW,dynamic
2025-08-17T08:24:38Z,100,65,22,7,1,0,720,0,147,0,30,85387,2201,1577,1753,0,2351,90919,93304,NEW,NEW,NEW,dynamic
2025-08-17T08:24:38Z,100,123,13,2,0,0,153,0,31,0,2,85757,2002,2322,935,0,2259,91017,93286,NEW,NEW,NEW,dynamic
2025-08-17T08:27:13Z,100,56,20,3,1,0,845,0,62,0,35,89243,243,650,104,0,3781,90242,94041,NEW,NEW,NEW,dynamic
2025-08-17T08:27:17Z,100,45,23,3,1,0,1250,0,59,0,52,92250,1169,416,243,0,3680,94079,97771,NEW,NEW,NEW,dynamic
2025-08-17T08:27:17Z,100,96,28,4,1,0,1303,0,68,0,45,91308,502,873,629,0,4505,93313,97831,NEW,NEW,NEW,dynamic
2025-08-17T08:27:18Z,100,117,15,4,1,0,309,0,69,0,13,93471,794,1655,980,0,1809,96902,98791,NEW,NEW,NEW,dynamic
2025-08-17T08:27:18Z,100,121,13,2,0,0,145,0,31,0,2,94099,1862,1036,379,0,1511,97377,98894,NEW,NEW,NEW,dynamic
2025-08-17T08:27:18Z,100,86,14,3,0,0,308,0,55,0,2,93884,497,1256,1179,0,2145,96817,99043,NEW,NEW,NEW,dynamic
2025-08-17T08:27:21Z,100,56,19,2,1,0,697,0,31,0,29,3096,120,659,58,0,925,3935,4893,NEW,NEW,NEW,dynamic
2025-08-17T08:27:25Z,100,56,19,2,1,0,697,0,31,0,29,2132,133,653,61,0,950,2981,3933,NEW,NEW,NEW,dynamic
2025-08-17T08:27:29Z,100,86,14,3,0,0,308,0,55,0,2,2049,138,561,77,0,932,2826,3761,NEW,NEW,NEW,dynamic
2025-08-17T08:27:33Z,100,96,28,4,1,0,1303,0,68,0,45,2550,142,459,67,0,832,3219,4053,NEW,NEW,NEW,dynamic
2025-08-17T08:27:45Z,100,56,20,3,1,0,845,0,62,0,35,85680,1065,863,437,0,5399,88047,93605,NEW,NEW,NEW,dynamic
2025-08-17T08:27:46Z,100,96,28,4,1,0,1303,0,68,0,45,86571,1482,1058,1089,0,3827,90201,94130,NEW,NEW,NEW,dynamic
2025-08-17T08:27:46Z,100,45,23,3,1,0,1250,0,59,0,52,85533,1169,1070,667,0,5650,88441,94213,NEW,NEW,NEW,dynamic
2025-08-17T08:28:09Z,100,86,14,3,0,0,308,0,55,0,2,86546,1739,1167,1343,0,26494,90796,117456,NEW,NEW,NEW,dynamic
2025-08-17T08:28:09Z,100,121,13,2,0,0,145,0,31,0,2,87775,1773,1311,1876,0,24883,92736,117644,NEW,NEW,NEW,dynamic
2025-08-17T08:28:09Z,100,117,15,4,1,0,309,0,69,0,13,88391,2468,1609,379,0,24804,92849,117671,NEW,NEW,NEW,dynamic
2025-08-17T08:28:32Z,100,121,13,2,0,0,145,0,31,0,2,7245,2561,1605,173,0,47699,11587,59289,NEW,NEW,NEW,dynamic
2025-08-17T08:28:49Z,100,121,13,2,0,0,145,0,31,0,2,40626,341,793,76,0,1597,41838,43437,NEW,NEW,NEW,dynamic
2025-08-17T08:28:50Z,100,56,19,2,1,0,697,0,31,0,29,123191,142,516,74,0,1739,123924,125667,NEW,NEW,NEW,dynamic
2025-08-17T08:28:50Z,100,45,23,3,1,0,1250,0,59,0,52,11222,286,394,71,0,887,11974,12864,NEW,NEW,NEW,dynamic
2025-08-17T08:28:54Z,100,117,15,4,1,0,309,0,69,0,13,2033,111,611,60,0,904,2816,3722,NEW,NEW,NEW,dynamic
2025-08-17T08:28:58Z,100,56,20,3,1,0,845,0,62,0,35,1912,110,397,57,0,1055,2478,3536,NEW,NEW,NEW,dynamic
2025-08-17T08:37:44Z,100,17,13,5,0,0,166,0,68,0,2,87331,237,355,137,0,1061,88062,89129,NEW,NEW,NEW,dynamic
2025-08-17T08:37:52Z,100,39,18,3,1,0,749,0,54,0,25,91850,266,440,239,0,4584,92796,97385,NEW,NEW,NEW,dynamic
2025-08-17T08:37:53Z,100,61,16,4,1,0,498,0,73,0,21,93107,774,589,76,0,3619,94548,98175,NEW,NEW,NEW,dynamic
2025-08-17T08:37:54Z,100,66,18,3,1,0,684,0,53,0,29,94719,1019,1253,673,0,1630,97665,99305,NEW,NEW,NEW,dynamic
2025-08-17T08:37:54Z,100,119,13,3,0,0,237,0,54,0,2,94694,733,2169,105,0,1597,97703,99305,NEW,NEW,NEW,dynamic
2025-08-17T08:37:54Z,100,38,20,3,1,0,981,0,40,0,41,94692,480,848,1474,0,1775,97494,99386,NEW,NEW,NEW,dynamic
2025-08-17T08:37:57Z,100,56,19,2,1,0,697,0,31,0,29,3079,125,545,63,0,847,3814,4726,NEW,NEW,NEW,dynamic
2025-08-17T08:38:00Z,100,56,19,2,1,0,697,0,31,0,29,1983,106,585,82,0,950,2759,3711,NEW,NEW,NEW,dynamic
2025-08-17T08:38:04Z,100,119,13,3,0,0,237,0,54,0,2,1924,109,834,58,0,969,2926,3898,NEW,NEW,NEW,dynamic
2025-08-17T08:38:08Z,100,61,16,4,1,0,498,0,73,0,21,1988,121,553,58,0,1298,2722,4022,NEW,NEW,NEW,dynamic
2025-08-17T08:38:21Z,100,66,18,3,1,0,684,0,53,0,29,85720,1005,954,748,0,4760,88428,93396,NEW,NEW,NEW,dynamic
2025-08-17T08:38:21Z,100,39,18,3,1,0,749,0,54,0,25,86575,1436,610,466,0,4265,89088,93481,NEW,NEW,NEW,dynamic
2025-08-17T08:38:45Z,100,38,20,3,1,0,981,0,40,0,41,87922,1023,686,2555,0,25180,92188,117389,NEW,NEW,NEW,dynamic
2025-08-17T08:39:07Z,100,17,13,5,0,0,166,0,68,0,2,89358,2888,411,127,0,47540,92787,140329,NEW,NEW,NEW,dynamic
2025-08-17T08:39:08Z,100,61,16,4,1,0,498,0,73,0,21,88241,1446,2173,847,0,48364,92709,141100,NEW,NEW,NEW,dynamic
2025-08-17T08:39:08Z,100,39,18,3,1,0,749,0,54,0,25,6577,1723,1494,1196,0,48423,10991,59447,NEW,NEW,NEW,dynamic
2025-08-17T08:39:08Z,100,119,13,3,0,0,237,0,54,0,2,88344,1433,2310,609,0,48405,92699,141111,NEW,NEW,NEW,dynamic
2025-08-17T08:39:21Z,100,38,20,3,1,0,981,0,40,0,41,5694,123,565,80,0,1358,6464,7828,NEW,NEW,NEW,dynamic
2025-08-17T08:39:27Z,100,56,19,2,1,0,697,0,31,0,29,123977,785,1004,119,0,1438,125887,127329,NEW,NEW,NEW,dynamic
2025-08-17T08:39:27Z,100,39,18,3,1,0,749,0,54,0,25,42457,301,895,705,0,1520,44360,45889,NEW,NEW,NEW,dynamic
2025-08-17T08:39:29Z,100,17,13,5,0,0,166,0,68,0,2,5855,106,262,54,0,1238,6279,7525,NEW,NEW,NEW,dynamic
2025-08-17T08:39:32Z,100,66,18,3,1,0,684,0,53,0,29,2195,132,473,54,0,897,2855,3755,NEW,NEW,NEW,dynamic
2025-08-17T08:48:29Z,100,4,22,8,1,0,858,0,152,0,29,83718,150,189,60,0,884,84118,85004,NEW,NEW,NEW,dynamic
2025-08-17T08:48:33Z,100,4,22,8,1,0,858,0,152,0,29,82331,149,255,57,0,883,82794,83680,NEW,NEW,NEW,dynamic
2025-08-17T08:48:37Z,100,4,22,8,1,0,858,0,152,0,29,81876,107,183,65,0,937,82232,83172,NEW,NEW,NEW,dynamic
2025-08-17T08:48:41Z,100,4,22,8,1,0,858,0,152,0,29,82064,128,198,61,0,961,82453,83416,NEW,NEW,NEW,dynamic
2025-08-17T08:48:55Z,100,39,19,2,1,0,1036,0,35,0,43,84770,314,862,1574,0,4689,87522,92542,NEW,NEW,NEW,dynamic
2025-08-17T08:48:55Z,100,83,17,3,1,0,484,0,53,0,20,84854,1277,2253,1730,0,2527,90115,92665,NEW,NEW,NEW,dynamic
2025-08-17T08:48:56Z,100,109,13,2,0,0,293,0,22,0,2,85004,1876,3050,1290,0,1662,91221,92985,NEW,NEW,NEW,dynamic
2025-08-17T08:48:56Z,100,85,17,4,1,0,723,0,81,0,30,84979,1748,3368,1194,0,1651,91290,92976,NEW,NEW,NEW,dynamic
2025-08-17T08:48:56Z,100,103,17,3,1,0,554,0,59,0,23,84994,1823,2893,1179,0,1936,90891,92992,NEW,NEW,NEW,dynamic
2025-08-17T08:48:56Z,100,106,14,3,0,0,299,0,36,0,2,85978,4149,1191,79,0,1676,91398,93077,NEW,NEW,NEW,dynamic
2025-08-17T08:49:03Z,100,56,19,2,1,0,697,0,31,0,29,2099,103,617,60,0,908,2880,3790,NEW,NEW,NEW,dynamic
2025-08-17T08:49:07Z,100,56,19,2,1,0,697,0,31,0,29,2158,121,561,62,0,836,2904,3742,NEW,NEW,NEW,dynamic
2025-08-17T08:49:11Z,100,109,13,2,0,0,293,0,22,0,2,2057,106,732,68,0,906,2965,3874,NEW,NEW,NEW,dynamic
2025-08-17T08:49:15Z,100,83,17,3,1,0,484,0,53,0,20,2372,106,658,66,0,890,3204,4096,NEW,NEW,NEW,dynamic
2025-08-17T08:50:10Z,100,103,17,3,1,0,554,0,59,0,23,49841,242,1550,135,0,2541,51769,54313,NEW,NEW,NEW,dynamic
2025-08-17T08:50:19Z,100,85,17,4,1,0,723,0,81,0,30,134073,461,1681,2766,0,4283,138982,143418,NEW,NEW,NEW,dynamic
2025-08-17T08:50:19Z,100,109,13,2,0,0,293,0,22,0,2,134298,1450,2259,2305,0,3401,140313,143931,NEW,NEW,NEW,dynamic
2025-08-17T08:50:19Z,100,39,19,2,1,0,1036,0,35,0,43,134420,2246,1597,2714,0,3215,140978,144385,NEW,NEW,NEW,dynamic
2025-08-17T08:50:20Z,100,103,17,3,1,0,554,0,59,0,23,134557,3719,2273,1873,0,2281,142424,144731,NEW,NEW,NEW,dynamic
2025-08-17T08:50:20Z,100,56,19,2,1,0,697,0,31,0,29,102659,3776,2016,1700,0,2266,110153,112434,NEW,NEW,NEW,dynamic
2025-08-17T08:50:20Z,100,83,17,3,1,0,484,0,53,0,20,135029,4238,2432,808,0,2319,142510,144838,NEW,NEW,NEW,dynamic
2025-08-17T08:50:20Z,100,106,14,3,0,0,299,0,36,0,2,136269,4310,1808,177,0,2270,142565,144842,NEW,NEW,NEW,dynamic
2025-08-17T08:50:23Z,100,39,19,2,1,0,1036,0,35,0,43,1965,110,463,56,0,859,2594,3456,NEW,NEW,NEW,dynamic
2025-08-17T08:50:27Z,100,106,14,3,0,0,299,0,36,0,2,1997,100,998,79,0,892,3176,4070,NEW,NEW,NEW,dynamic
2025-08-17T08:50:31Z,100,85,17,4,1,0,723,0,81,0,30,2099,103,656,67,0,869,2927,3797,NEW,NEW,NEW,dynamic
2025-08-17T08:51:13Z,100,103,17,3,1,0,554,0,59,0,23,82700,206,1741,98,0,1141,84746,85890,NEW,NEW,NEW,dynamic
2025-08-17T09:20:19Z,100,47,19,6,1,0,771,0,103,0,32,86964,205,547,104,0,311,87821,88141,NEW,NEW,NEW,dynamic
2025-08-17T09:20:27Z,100,120,13,2,0,0,192,0,38,0,2,90784,583,1525,1159,0,1562,94052,95750,NEW,NEW,NEW,dynamic
2025-08-17T09:20:29Z,100,49,19,3,1,0,804,0,61,0,34,91255,1944,974,945,0,2660,95119,98071,NEW,NEW,NEW,dynamic
2025-08-17T09:20:31Z,100,119,12,3,0,0,152,0,53,0,2,95084,1934,1747,427,0,502,99193,99713,NEW,NEW,NEW,dynamic
2025-08-17T09:20:31Z,100,99,12,4,0,0,279,0,77,0,2,92981,1674,1847,2257,0,916,98761,99691,NEW,NEW,NEW,dynamic
2025-08-17T09:20:31Z,100,68,14,6,0,0,276,0,122,0,2,94193,1898,2192,688,0,825,98973,99816,NEW,NEW,NEW,dynamic
2025-08-17T09:20:32Z,100,56,15,2,0,0,334,0,29,0,2,2460,99,566,54,0,240,3181,3639,NEW,NEW,NEW,dynamic
2025-08-17T09:20:34Z,100,56,15,2,0,0,334,0,29,0,2,523,104,487,52,0,362,1168,1545,NEW,NEW,NEW,dynamic
2025-08-17T09:20:35Z,100,119,12,3,0,0,152,0,53,0,2,627,104,554,53,0,214,1339,1555,NEW,NEW,NEW,dynamic
2025-08-17T09:20:36Z,100,68,14,6,0,0,276,0,122,0,2,433,97,441,53,0,213,1026,1241,NEW,NEW,NEW,dynamic
2025-08-17T09:20:38Z,100,120,13,2,0,0,192,0,38,0,2,466,96,600,63,0,216,1227,1445,NEW,NEW,NEW,dynamic
2025-08-17T09:20:39Z,100,47,19,6,1,0,771,0,103,0,32,443,112,376,55,0,331,987,1321,NEW,NEW,NEW,dynamic
2025-08-17T09:20:41Z,100,99,12,4,0,0,279,0,77,0,2,516,98,593,60,0,220,1268,1492,NEW,NEW,NEW,dynamic
2025-08-17T09:20:42Z,100,49,19,3,1,0,804,0,61,0,34,433,99,328,57,0,207,919,1129,NEW,NEW,NEW,dynamic
2025-08-17T09:20:50Z,100,99,12,4,0,0,279,0,77,0,2,85791,172,492,86,0,249,86542,86802,NEW,NEW,NEW,dynamic
2025-08-17T09:20:53Z,100,119,12,3,0,0,152,0,53,0,2,87191,444,1232,388,0,408,89256,89812,NEW,NEW,NEW,dynamic
2025-08-17T09:20:53Z,100,49,19,3,1,0,804,0,61,0,34,87500,1438,397,152,0,533,89489,90101,NEW,NEW,NEW,dynamic
2025-08-17T09:20:58Z,100,68,14,6,0,0,276,0,122,0,2,91069,1179,884,101,0,869,93235,94125,NEW,NEW,NEW,dynamic
2025-08-17T09:20:58Z,100,120,13,2,0,0,192,0,38,0,2,90593,598,1278,726,0,1025,93196,94240,NEW,NEW,NEW,dynamic
2025-08-17T09:20:59Z,100,47,19,6,1,0,771,0,103,0,32,94405,150,593,62,0,265,95212,95480,NEW,NEW,NEW,dynamic
2025-08-17T09:21:22Z,100,56,15,2,0,0,334,0,29,0,2,84256,236,1123,121,0,453,85737,86194,NEW,NEW,NEW,dynamic
2025-08-17T09:25:48Z,100,28,25,5,1,0,1156,0,75,0,39,2876,578,641,1190,0,1730,5286,7224,NEW,NEW,NEW,dynamic
2025-08-17T09:25:49Z,100,38,16,2,1,0,558,0,37,0,23,3329,1491,755,1429,0,1883,7005,9173,NEW,NEW,NEW,dynamic
2025-08-17T09:25:51Z,100,21,20,4,1,0,732,0,43,0,24,4823,2203,842,1260,0,1249,9129,10402,NEW,NEW,NEW,dynamic
2025-08-17T09:25:51Z,100,119,12,3,0,0,152,0,53,0,2,4562,1637,1729,1221,0,1247,9150,10405,NEW,NEW,NEW,dynamic
2025-08-17T09:25:51Z,100,65,14,4,0,0,333,0,82,0,2,5286,2320,1327,1456,0,311,10391,10716,NEW,NEW,NEW,dynamic
2025-08-17T09:25:51Z,100,40,19,3,1,0,796,0,54,0,27,7043,2168,1138,101,0,415,10452,10871,NEW,NEW,NEW,dynamic
2025-08-17T09:25:52Z,100,56,15,2,0,0,334,0,29,0,2,454,93,420,52,0,190,1021,1213,NEW,NEW,NEW,dynamic
2025-08-17T09:25:54Z,100,56,15,2,0,0,334,0,29,0,2,439,93,411,53,0,194,997,1193,NEW,NEW,NEW,dynamic
2025-08-17T09:25:55Z,100,119,12,3,0,0,152,0,53,0,2,427,88,565,52,0,276,1135,1413,NEW,NEW,NEW,dynamic
2025-08-17T09:25:56Z,100,65,14,4,0,0,333,0,82,0,2,517,108,422,58,0,201,1106,1309,NEW,NEW,NEW,dynamic
2025-08-17T09:25:57Z,100,21,20,4,1,0,732,0,43,0,24,434,96,243,53,0,190,828,1021,NEW,NEW,NEW,dynamic
2025-08-17T09:25:58Z,100,38,16,2,1,0,558,0,37,0,23,427,91,321,55,0,205,896,1103,NEW,NEW,NEW,dynamic
2025-08-17T09:26:00Z,100,28,25,5,1,0,1156,0,75,0,39,441,95,250,52,0,204,839,1045,NEW,NEW,NEW,dynamic
2025-08-17T09:26:01Z,100,40,19,3,1,0,796,0,54,0,27,446,101,500,51,0,251,1100,1354,NEW,NEW,NEW,dynamic
2025-08-17T09:34:49Z,100,51,22,7,1,0,1225,0,131,0,51,3625,1590,1037,1718,0,1850,7972,9933,NEW,NEW,NEW,dynamic
2025-08-17T09:34:49Z,100,142,13,3,0,0,190,0,59,0,2,3068,904,3768,1275,0,1219,9016,10420,NEW,NEW,NEW,dynamic
2025-08-17T09:34:50Z,100,145,13,4,0,0,190,0,66,0,2,3068,1459,3267,1649,0,1467,9443,11118,NEW,NEW,NEW,dynamic
2025-08-17T09:34:52Z,100,131,12,5,0,0,206,0,86,0,2,3947,3499,1986,1010,0,2285,10444,12856,NEW,NEW,NEW,dynamic
2025-08-17T09:34:52Z,100,150,13,3,0,0,208,0,44,0,2,8367,1979,1895,997,0,358,13240,13601,NEW,NEW,NEW,dynamic
2025-08-17T09:34:53Z,100,144,13,3,0,0,162,0,57,0,2,9936,1728,1554,158,0,420,13378,13811,NEW,NEW,NEW,dynamic
2025-08-17T09:34:54Z,100,131,12,5,0,0,206,0,86,0,2,459,96,691,52,0,191,1299,1493,NEW,NEW,NEW,dynamic
2025-08-17T09:34:56Z,100,131,12,5,0,0,206,0,86,0,2,439,94,769,51,0,191,1353,1546,NEW,NEW,NEW,dynamic
2025-08-17T09:34:57Z,100,51,22,7,1,0,1225,0,131,0,51,426,92,342,52,0,230,913,1145,NEW,NEW,NEW,dynamic
2025-08-17T09:34:59Z,100,145,13,4,0,0,190,0,66,0,2,551,119,1011,54,0,192,1736,1931,NEW,NEW,NEW,dynamic
2025-08-17T09:35:00Z,100,150,13,3,0,0,208,0,44,0,2,423,95,825,51,0,194,1395,1592,NEW,NEW,NEW,dynamic
2025-08-17T09:35:02Z,100,144,13,3,0,0,162,0,57,0,2,441,100,776,52,0,216,1371,1589,NEW,NEW,NEW,dynamic
2025-08-17T09:35:04Z,100,131,12,5,0,0,206,0,86,0,2,584,92,827,51,0,195,1556,1754,NEW,NEW,NEW,dynamic
2025-08-17T09:35:05Z,100,142,13,3,0,0,190,0,59,0,2,441,95,811,51,0,189,1400,1591,NEW,NEW,NEW,dynamic
2025-08-17T09:37:46Z,100,67,36,18,1,0,2734,0,555,0,91,1196,220,1161,99,0,491,2678,3173,NEW,NEW,NEW,dynamic
2025-08-17T09:37:49Z,100,51,22,7,1,0,1225,0,131,0,51,1168,199,460,63,0,324,1892,2219,NEW,NEW,NEW,dynamic
2025-08-17T09:37:50Z,100,51,22,7,1,0,1225,0,131,0,51,718,136,466,61,0,291,1382,1676,NEW,NEW,NEW,dynamic
2025-08-17T09:37:52Z,100,67,36,18,1,0,2734,0,555,0,91,724,126,762,58,0,298,1672,1973,NEW,NEW,NEW,dynamic
2025-08-17T10:50:18Z,100,233,15,4,0,0,318,0,64,0,2,3047,85,826,29,0,159,3989,4170,NEW,NEW,NEW,dynamic
2025-08-17T10:50:19Z,100,233,15,4,0,0,318,0,64,0,2,366,70,872,31,0,170,1341,1513,NEW,NEW,NEW,dynamic
2025-08-17T10:50:21Z,100,233,15,4,0,0,318,0,64,0,2,405,64,813,28,0,158,1312,1471,NEW,NEW,NEW,dynamic
2025-08-17T10:50:22Z,100,233,15,4,0,0,318,0,64,0,2,400,73,874,31,0,171,1380,1552,NEW,NEW,NEW,dynamic
2025-08-17T10:53:57Z,100,236,15,4,1,0,357,0,78,0,15,305,52,669,24,0,136,1052,1190,NEW,NEW,NEW,dynamic
2025-08-17T10:53:59Z,100,236,15,4,1,0,357,0,78,0,15,339,51,974,32,0,239,1398,1639,NEW,NEW,NEW,dynamic
2025-08-17T10:54:01Z,100,236,15,4,1,0,357,0,78,0,15,481,62,830,30,0,167,1404,1572,NEW,NEW,NEW,dynamic
2025-08-17T10:54:02Z,100,236,15,4,1,0,357,0,78,0,15,364,67,818,30,0,172,1280,1454,NEW,NEW,NEW,dynamic
2025-08-17T11:01:11Z,34200,236,102,34,7,35,177,7,61,0,16,436,68,1233,33,0,244,1772,2018,NEW,NEW,NEW,dynamic
2025-08-17T11:01:37Z,34200,140,76,31,5,24,134,10,52,0,12,369,66,773,32,0,199,1242,1442,NEW,NEW,NEW,dynamic
2025-08-17T11:03:46Z,117000,211,165,55,14,131,199,41,69,0,17,361,74,704,38,0,190,1179,1370,NEW,NEW,NEW,dynamic
2025-08-17T11:04:12Z,778000,82,380,121,39,148,643,27,215,31,59,362,73,465,36,0,201,938,1141,NEW,NEW,NEW,dynamic
2025-08-17T11:04:47Z,5410,217,38,6,2,0,108,0,24,0,7,389,72,980,33,0,171,1476,1648,NEW,NEW,NEW,dynamic
2025-08-17T11:08:31Z,100,224,10,2,0,0,89,0,21,0,2,5668,201,1284,97,0,218,7251,7474,NEW,NEW,NEW,dynamic
2025-08-17T11:08:35Z,100,67,13,3,0,0,227,0,53,0,2,9051,451,433,366,0,1246,10302,11625,NEW,NEW,NEW,dynamic
2025-08-17T11:08:37Z,100,187,12,2,0,0,102,0,23,0,2,1318,511,727,1752,0,329,4310,4653,NEW,NEW,NEW,dynamic
2025-08-17T11:08:45Z,100,101,13,3,0,0,208,0,41,0,2,3394,816,1233,4723,0,829,10168,11099,NEW,NEW,NEW,dynamic
2025-08-17T11:08:45Z,100,55,14,4,0,0,227,0,49,0,2,3607,1177,1552,3813,0,785,10150,10978,NEW,NEW,NEW,dynamic
2025-08-17T11:08:45Z,100,48,15,3,0,0,361,0,49,0,2,3256,2242,2647,2066,0,791,10212,11133,NEW,NEW,NEW,dynamic
2025-08-17T11:08:46Z,100,116,11,2,0,0,146,0,24,0,2,3736,2823,3452,500,0,752,10513,11302,NEW,NEW,NEW,dynamic
2025-08-17T11:08:46Z,100,67,13,3,0,0,227,0,53,0,2,3769,3496,1929,1173,0,1013,10369,11549,NEW,NEW,NEW,dynamic
2025-08-17T11:08:46Z,100,75,13,3,0,0,158,0,43,0,2,3351,2011,2780,2137,0,1194,10280,11611,NEW,NEW,NEW,dynamic
2025-08-17T11:08:46Z,100,68,16,4,1,0,296,0,55,0,10,3773,2710,2854,1036,0,1331,10374,11767,NEW,NEW,NEW,dynamic
2025-08-17T11:08:46Z,100,171,11,2,0,0,77,0,20,0,2,3680,1738,4396,857,0,977,10673,11746,NEW,NEW,NEW,dynamic
2025-08-17T11:08:46Z,100,60,12,3,0,0,202,0,53,0,2,3349,1857,2954,2153,0,1421,10315,11862,NEW,NEW,NEW,dynamic
2025-08-17T11:08:52Z,100,55,14,4,0,0,227,0,49,0,2,24160,833,608,488,0,2208,26091,28315,NEW,NEW,NEW,dynamic
2025-08-17T11:08:52Z,100,68,16,4,1,0,296,0,55,0,10,24168,897,683,489,0,2572,26238,28830,NEW,NEW,NEW,dynamic
2025-08-17T11:08:55Z,100,60,12,3,0,0,202,0,53,0,2,24995,1531,1432,1428,0,1535,29388,30937,NEW,NEW,NEW,dynamic
2025-08-17T11:08:55Z,100,75,13,3,0,0,158,0,43,0,2,25167,1244,1689,1287,0,1584,29389,30987,NEW,NEW,NEW,dynamic
2025-08-17T11:08:55Z,100,101,13,3,0,0,208,0,41,0,2,25583,895,1780,1345,0,1297,29605,31232,NEW,NEW,NEW,dynamic
2025-08-17T11:08:55Z,100,84,14,3,0,0,301,0,42,0,2,5248,2448,815,1101,0,1068,9613,10865,NEW,NEW,NEW,dynamic
2025-08-17T11:08:56Z,100,116,11,2,0,0,146,0,24,0,2,26733,2729,1255,624,0,881,31343,32238,NEW,NEW,NEW,dynamic
2025-08-17T11:08:56Z,100,48,15,3,0,0,361,0,49,0,2,30623,1212,409,48,0,177,32293,32474,NEW,NEW,NEW,dynamic
2025-08-17T11:08:58Z,100,171,11,2,0,0,77,0,20,0,2,32931,75,758,348,0,523,34114,34652,NEW,NEW,NEW,dynamic
2025-08-17T11:09:00Z,100,187,12,2,0,0,102,0,23,0,2,34085,336,1149,193,0,360,35764,36127,NEW,NEW,NEW,dynamic
2025-08-17T11:09:00Z,100,84,14,3,0,0,301,0,42,0,2,3202,703,894,73,0,340,4873,5236,NEW,NEW,NEW,dynamic
2025-08-17T11:09:01Z,100,84,14,3,0,0,301,0,42,0,2,371,51,461,30,0,170,915,1087,NEW,NEW,NEW,dynamic
2025-08-17T11:09:02Z,100,48,15,3,0,0,361,0,49,0,2,354,57,327,30,0,167,769,938,NEW,NEW,NEW,dynamic
2025-08-17T11:09:03Z,100,60,12,3,0,0,202,0,53,0,2,336,56,364,28,0,160,786,948,NEW,NEW,NEW,dynamic
2025-08-17T11:09:04Z,100,55,14,4,0,0,227,0,49,0,2,331,57,313,29,0,170,732,904,NEW,NEW,NEW,dynamic
2025-08-17T11:09:05Z,100,75,13,3,0,0,158,0,43,0,2,339,57,396,42,0,182,836,1020,NEW,NEW,NEW,dynamic
2025-08-17T11:09:06Z,100,101,13,3,0,0,208,0,41,0,2,366,77,638,30,0,168,1112,1282,NEW,NEW,NEW,dynamic
2025-08-17T11:09:07Z,100,67,13,3,0,0,227,0,53,0,2,355,60,343,38,0,165,798,965,NEW,NEW,NEW,dynamic
2025-08-17T11:09:08Z,100,68,16,4,1,0,296,0,55,0,10,345,57,341,29,0,173,774,948,NEW,NEW,NEW,dynamic
2025-08-17T11:09:09Z,100,116,11,2,0,0,146,0,24,0,2,335,56,593,37,0,162,1022,1186,NEW,NEW,NEW,dynamic
2025-08-17T11:09:11Z,100,171,11,2,0,0,77,0,20,0,2,327,60,917,30,0,165,1336,1503,NEW,NEW,NEW,dynamic
2025-08-17T11:09:12Z,100,187,12,2,0,0,102,0,23,0,2,324,49,619,30,0,175,1024,1201,NEW,NEW,NEW,dynamic
2025-08-17T11:09:13Z,100,224,10,2,0,0,89,0,21,0,2,338,53,846,32,0,162,1271,1434,NEW,NEW,NEW,dynamic
2025-08-17T11:17:14Z,100,116,10,2,0,0,48,0,21,0,2,4953,105,919,66,0,227,6045,6275,NEW,NEW,NEW,dynamic
2025-08-17T11:17:15Z,100,84,11,2,0,0,133,0,34,0,2,6649,85,617,52,0,250,7405,7658,NEW,NEW,NEW,dynamic
2025-08-17T11:17:20Z,100,104,10,3,0,0,121,0,54,0,2,11038,113,521,72,0,202,11746,11953,NEW,NEW,NEW,dynamic
2025-08-17T11:17:23Z,100,135,11,2,0,0,109,0,24,0,2,12766,385,1033,495,0,388,14681,15217,NEW,NEW,NEW,dynamic
2025-08-17T11:17:24Z,100,102,11,2,0,0,131,0,29,0,2,13122,1130,591,203,0,663,15047,15869,NEW,NEW,NEW,dynamic
2025-08-17T11:17:30Z,100,84,11,3,0,0,114,0,44,0,2,15858,2180,1297,1438,0,980,20775,21874,NEW,NEW,NEW,dynamic
2025-08-17T11:17:30Z,100,99,13,3,0,0,208,0,41,0,2,15201,1971,1080,1781,0,1532,20034,21852,NEW,NEW,NEW,dynamic
2025-08-17T11:17:30Z,100,115,10,2,0,0,81,0,23,0,2,16495,1793,1534,1528,0,636,21352,22001,NEW,NEW,NEW,dynamic
2025-08-17T11:17:30Z,100,93,11,3,0,0,163,0,42,0,2,17559,2321,1149,786,0,677,21817,22525,NEW,NEW,NEW,dynamic
2025-08-17T11:17:30Z,100,118,11,2,0,0,67,0,28,0,2,17244,2832,1253,565,0,611,21896,22530,NEW,NEW,NEW,dynamic
2025-08-17T11:17:31Z,100,98,12,3,0,0,123,0,53,0,2,22287,285,633,28,0,163,23235,23400,NEW,NEW,NEW,dynamic
2025-08-17T11:18:15Z,100,121,9,2,0,0,69,0,34,0,2,3304,1702,2080,3538,0,3251,10625,14201,NEW,NEW,NEW,dynamic
2025-08-17T11:18:15Z,100,117,12,2,0,0,82,0,31,0,2,3210,1498,2355,3554,0,3092,10617,14333,NEW,NEW,NEW,dynamic
2025-08-17T11:18:17Z,100,103,13,3,0,0,245,0,37,0,2,3671,3617,2060,3830,0,2226,13179,15729,NEW,NEW,NEW,dynamic
2025-08-17T11:18:17Z,100,126,14,2,0,0,104,0,24,0,2,3572,3138,2161,4507,0,2117,13378,15749,NEW,NEW,NEW,dynamic
2025-08-17T11:18:17Z,100,159,11,3,0,0,87,0,34,0,2,4534,4101,2936,2452,0,1933,14025,16232,NEW,NEW,NEW,dynamic
2025-08-17T11:18:17Z,100,118,10,4,0,0,109,0,57,0,2,4649,4862,2388,2749,0,1487,14649,16376,NEW,NEW,NEW,dynamic
2025-08-17T11:18:17Z,100,113,9,2,0,0,69,0,34,0,2,4882,5542,2350,2123,0,1406,14899,16407,NEW,NEW,NEW,dynamic
2025-08-17T11:18:17Z,100,86,13,3,0,0,166,0,42,0,2,4704,4920,2296,2661,0,1507,14582,16456,NEW,NEW,NEW,dynamic
2025-08-17T11:18:17Z,100,220,13,2,0,0,205,0,36,0,2,5401,5625,2649,1936,0,857,15613,16527,NEW,NEW,NEW,dynamic
2025-08-17T11:18:18Z,100,99,11,2,0,0,114,0,38,0,2,7583,6007,1317,1223,0,490,16132,16725,NEW,NEW,NEW,dynamic
2025-08-17T11:18:18Z,100,104,10,3,0,0,102,0,47,0,2,9040,5181,1199,1015,0,333,16437,16781,NEW,NEW,NEW,dynamic
2025-08-17T11:18:19Z,100,84,14,3,0,0,301,0,42,0,2,323,58,473,30,0,165,885,1051,NEW,NEW,NEW,dynamic
2025-08-17T11:18:20Z,100,84,14,3,0,0,301,0,42,0,2,432,70,504,31,0,177,1038,1217,NEW,NEW,NEW,dynamic
2025-08-17T11:18:21Z,100,121,9,2,0,0,69,0,34,0,2,346,53,471,30,0,169,901,1071,NEW,NEW,NEW,dynamic
2025-08-17T11:18:22Z,100,103,13,3,0,0,245,0,37,0,2,331,52,523,28,0,163,935,1100,NEW,NEW,NEW,dynamic
2025-08-17T11:18:23Z,100,117,12,2,0,0,82,0,31,0,2,329,51,462,28,0,161,872,1034,NEW,NEW,NEW,dynamic
2025-08-17T11:18:24Z,100,118,10,4,0,0,109,0,57,0,2,331,53,473,36,0,265,895,1161,NEW,NEW,NEW,dynamic
2025-08-17T11:18:26Z,100,86,13,3,0,0,166,0,42,0,2,394,53,579,28,0,163,1056,1220,NEW,NEW,NEW,dynamic
2025-08-17T11:18:27Z,100,113,9,2,0,0,69,0,34,0,2,331,53,500,30,0,185,916,1103,NEW,NEW,NEW,dynamic
2025-08-17T11:18:28Z,100,99,11,2,0,0,114,0,38,0,2,364,70,439,29,0,172,903,1077,NEW,NEW,NEW,dynamic
2025-08-17T11:18:29Z,100,126,14,2,0,0,104,0,24,0,2,335,56,552,28,0,161,972,1136,NEW,NEW,NEW,dynamic
2025-08-17T11:18:30Z,100,104,10,3,0,0,102,0,47,0,2,400,65,527,35,0,167,1029,1198,NEW,NEW,NEW,dynamic
2025-08-17T11:18:31Z,100,159,11,3,0,0,87,0,34,0,2,398,58,548,33,0,163,1038,1203,NEW,NEW,NEW,dynamic
2025-08-17T11:18:33Z,100,220,13,2,0,0,205,0,36,0,2,334,53,656,35,0,164,1079,1245,NEW,NEW,NEW,dynamic
2025-08-17T11:20:53Z,5410,88,68,9,4,0,300,0,36,0,19,368,44,474,26,0,156,914,1072,NEW,NEW,NEW,dynamic
2025-08-17T11:21:09Z,5410,103,61,9,3,0,245,0,37,0,16,349,51,696,27,0,190,1125,1317,NEW,NEW,NEW,dynamic
2025-08-17T11:24:26Z,100,98,12,2,0,0,149,0,30,0,2,8820,361,439,114,0,747,9736,10491,NEW,NEW,NEW,dynamic
2025-08-17T11:24:26Z,100,116,13,1,0,0,168,0,19,0,2,9628,313,727,107,0,361,10777,11145,NEW,NEW,NEW,dynamic
2025-08-17T11:24:27Z,100,110,11,2,0,0,100,0,23,0,2,10680,280,558,65,0,199,11585,11790,NEW,NEW,NEW,dynamic
2025-08-17T11:24:31Z,100,49,15,2,0,0,437,0,21,0,2,12685,406,634,824,0,711,14550,15270,NEW,NEW,NEW,dynamic
2025-08-17T11:24:31Z,100,179,13,1,0,4,23,0,7,0,1,12682,605,1201,448,0,481,14937,15499,NEW,NEW,NEW,dynamic
2025-08-17T11:24:31Z,100,106,15,2,1,0,412,0,30,0,17,13574,1031,584,313,0,537,15504,16048,NEW,NEW,NEW,dynamic
2025-08-17T11:24:33Z,100,87,9,1,0,0,55,0,12,0,2,15885,583,555,80,0,480,17104,17590,NEW,NEW,NEW,dynamic
2025-08-17T11:24:33Z,100,82,12,1,0,0,219,0,16,0,2,15795,351,682,268,0,493,17097,17594,NEW,NEW,NEW,dynamic
2025-08-17T11:24:34Z,100,57,16,1,1,0,559,0,14,0,23,17409,247,444,45,0,220,18146,18371,NEW,NEW,NEW,dynamic
2025-08-17T11:24:37Z,100,115,12,2,0,0,125,0,28,0,2,18563,574,1060,510,0,708,20709,21601,NEW,NEW,NEW,dynamic
2025-08-17T11:24:37Z,100,108,11,2,0,0,83,0,15,0,2,19088,1493,723,287,0,301,21593,21897,NEW,NEW,NEW,dynamic
2025-08-17T11:24:37Z,100,72,13,3,0,0,310,0,37,0,2,19032,1186,871,477,0,303,21567,21875,NEW,NEW,NEW,dynamic
2025-08-17T11:24:38Z,100,88,12,1,0,0,229,0,14,0,2,409,73,414,31,0,178,929,1109,NEW,NEW,NEW,dynamic
2025-08-17T11:24:39Z,100,88,12,1,0,0,229,0,14,0,2,371,79,460,33,0,196,944,1142,NEW,NEW,NEW,dynamic
2025-08-17T11:24:41Z,100,87,9,1,0,0,55,0,12,0,2,451,66,548,33,0,183,1100,1285,NEW,NEW,NEW,dynamic
2025-08-17T11:24:42Z,100,49,15,2,0,0,437,0,21,0,2,406,58,323,31,0,179,821,1001,NEW,NEW,NEW,dynamic
2025-08-17T11:24:43Z,100,106,15,2,1,0,412,0,30,0,17,393,60,488,29,0,181,971,1154,NEW,NEW,NEW,dynamic
2025-08-17T11:24:44Z,100,108,11,2,0,0,83,0,15,0,2,366,63,552,35,0,201,1018,1220,NEW,NEW,NEW,dynamic
2025-08-17T11:24:45Z,100,57,16,1,1,0,559,0,14,0,23,420,66,483,29,0,168,1000,1170,NEW,NEW,NEW,dynamic
2025-08-17T11:24:46Z,100,82,12,1,0,0,219,0,16,0,2,335,63,364,36,0,160,800,962,NEW,NEW,NEW,dynamic
2025-08-17T11:24:47Z,100,98,12,2,0,0,149,0,30,0,2,336,58,427,30,0,163,854,1018,NEW,NEW,NEW,dynamic
2025-08-17T11:24:48Z,100,110,11,2,0,0,100,0,23,0,2,391,59,432,29,0,165,912,1079,NEW,NEW,NEW,dynamic
2025-08-17T11:24:49Z,100,72,13,3,0,0,310,0,37,0,2,334,50,445,33,0,177,864,1043,NEW,NEW,NEW,dynamic
2025-08-17T11:24:51Z,100,179,13,1,0,4,23,0,7,0,1,375,62,603,30,0,172,1071,1245,NEW,NEW,NEW,dynamic
2025-08-17T11:24:52Z,100,116,13,1,0,0,168,0,19,0,2,334,62,481,37,0,177,915,1094,NEW,NEW,NEW,dynamic
2025-08-17T11:24:53Z,100,115,12,2,0,0,125,0,28,0,2,385,58,566,28,0,165,1039,1205,NEW,NEW,NEW,dynamic
2025-08-17T11:28:42Z,100,167,14,2,0,0,128,0,21,0,2,863,425,1196,177,0,739,2663,3530,NEW,NEW,NEW,dynamic
2025-08-17T11:28:42Z,100,125,12,2,0,0,76,0,22,0,2,907,322,1093,283,0,929,2608,3588,NEW,NEW,NEW,dynamic
2025-08-17T11:28:43Z,100,275,18,3,1,0,456,0,38,0,19,1075,1420,603,303,0,135,3402,3661,NEW,NEW,NEW,dynamic
2025-08-17T11:28:44Z,100,198,14,3,0,0,78,0,39,0,2,348,59,729,33,0,198,1171,1370,NEW,NEW,NEW,dynamic
2025-08-17T11:28:45Z,100,198,14,3,0,0,78,0,39,0,2,408,84,605,31,0,176,1130,1307,NEW,NEW,NEW,dynamic
2025-08-17T11:28:46Z,100,125,12,2,0,0,76,0,22,0,2,355,57,485,29,0,170,929,1100,NEW,NEW,NEW,dynamic
2025-08-17T11:28:48Z,100,167,14,2,0,0,128,0,21,0,2,348,66,620,30,0,168,1066,1236,NEW,NEW,NEW,dynamic
2025-08-17T11:28:49Z,100,275,18,3,1,0,456,0,38,0,19,349,58,686,32,0,206,1126,1334,NEW,NEW,NEW,dynamic
2025-08-17T11:30:42Z,5410,200,54,7,3,22,90,0,39,0,6,344,57,599,28,0,181,1028,1211,NEW,NEW,NEW,dynamic
2025-08-17T11:31:09Z,5410,276,88,8,5,0,460,0,38,0,30,349,51,807,28,0,177,1237,1416,NEW,NEW,NEW,dynamic
2025-08-17T11:32:54Z,100,62,15,7,0,0,266,0,143,0,2,3462,1325,1184,2696,0,3405,8668,12371,NEW,NEW,NEW,dynamic
2025-08-17T11:32:56Z,100,72,13,3,0,0,200,0,53,0,2,3537,1655,1601,3068,0,4338,9862,14350,NEW,NEW,NEW,dynamic
2025-08-17T11:32:57Z,100,94,15,2,1,0,312,0,35,0,13,3612,2447,2030,2890,0,3398,10981,14727,NEW,NEW,NEW,dynamic
2025-08-17T11:32:57Z,100,96,14,2,0,0,154,0,26,0,2,4040,3616,1839,3067,0,2347,12563,15318,NEW,NEW,NEW,dynamic
2025-08-17T11:32:58Z,100,144,11,2,0,0,92,0,30,0,2,3857,2997,2453,3247,0,2712,12556,15493,NEW,NEW,NEW,dynamic
2025-08-17T11:32:58Z,100,128,10,2,0,0,87,0,29,0,2,4424,4725,2486,2451,0,1291,14087,15685,NEW,NEW,NEW,dynamic
2025-08-17T11:32:58Z,100,103,13,3,0,0,233,0,42,0,2,5102,5089,2104,2112,0,1417,14408,16031,NEW,NEW,NEW,dynamic
2025-08-17T11:32:58Z,100,83,12,2,0,0,122,0,18,0,2,7370,4843,1551,1410,0,1015,15175,16214,NEW,NEW,NEW,dynamic
2025-08-17T11:32:58Z,100,104,13,2,0,0,294,0,31,0,2,5105,4886,2356,2820,0,1247,15168,16431,NEW,NEW,NEW,dynamic
2025-08-17T11:32:59Z,100,96,13,4,0,0,215,0,60,0,2,8102,4698,1169,1518,0,1576,15487,17078,NEW,NEW,NEW,dynamic
2025-08-17T11:32:59Z,100,114,10,2,0,0,104,0,29,0,2,8778,5151,1049,727,0,1317,15707,17181,NEW,NEW,NEW,dynamic
2025-08-17T11:32:59Z,100,117,10,2,0,0,76,0,28,0,2,14406,1815,811,170,0,168,17203,17377,NEW,NEW,NEW,dynamic
2025-08-17T11:33:00Z,100,60,14,4,0,0,231,0,57,0,2,361,59,355,26,0,164,803,969,NEW,NEW,NEW,dynamic
2025-08-17T11:33:01Z,100,60,14,4,0,0,231,0,57,0,2,341,57,361,31,0,169,791,961,NEW,NEW,NEW,dynamic
2025-08-17T11:33:02Z,100,114,10,2,0,0,104,0,29,0,2,343,56,447,33,0,169,880,1050,NEW,NEW,NEW,dynamic
2025-08-17T11:33:04Z,100,104,13,2,0,0,294,0,31,0,2,414,64,544,29,0,169,1052,1222,NEW,NEW,NEW,dynamic
2025-08-17T11:33:05Z,100,83,12,2,0,0,122,0,18,0,2,336,57,403,34,0,169,830,1001,NEW,NEW,NEW,dynamic
2025-08-17T11:33:06Z,100,128,10,2,0,0,87,0,29,0,2,337,53,574,27,0,166,992,1159,NEW,NEW,NEW,dynamic
2025-08-17T11:33:07Z,100,117,10,2,0,0,76,0,28,0,2,372,69,537,29,0,165,1008,1175,NEW,NEW,NEW,dynamic
2025-08-17T11:33:08Z,100,96,14,2,0,0,154,0,26,0,2,349,52,464,34,0,178,900,1080,NEW,NEW,NEW,dynamic
2025-08-17T11:33:09Z,100,72,13,3,0,0,200,0,53,0,2,364,61,388,29,0,163,843,1007,NEW,NEW,NEW,dynamic
2025-08-17T11:33:10Z,100,94,15,2,1,0,312,0,35,0,13,339,58,507,28,0,162,935,1099,NEW,NEW,NEW,dynamic
2025-08-17T11:33:11Z,100,62,15,7,0,0,266,0,143,0,2,335,52,351,28,0,168,767,936,NEW,NEW,NEW,dynamic
2025-08-17T11:33:12Z,100,103,13,3,0,0,233,0,42,0,2,348,55,530,29,0,168,963,1133,NEW,NEW,NEW,dynamic
2025-08-17T11:33:13Z,100,96,13,4,0,0,215,0,60,0,2,334,57,460,31,0,174,884,1060,NEW,NEW,NEW,dynamic
2025-08-17T11:33:15Z,100,144,11,2,0,0,92,0,30,0,2,361,59,636,28,0,165,1085,1251,NEW,NEW,NEW,dynamic
2025-08-17T11:34:49Z,5410,60,66,11,3,0,231,0,57,0,15,349,50,400,33,0,215,834,1050,NEW,NEW,NEW,dynamic
2025-08-17T11:34:59Z,5410,62,69,22,4,0,266,0,143,0,17,332,51,412,33,0,195,829,1026,NEW,NEW,NEW,dynamic
2025-08-17T11:39:43Z,100,96,12,3,0,0,101,0,30,0,2,2666,737,528,1295,0,2761,5228,8218,NEW,NEW,NEW,dynamic
2025-08-17T11:39:45Z,100,108,12,2,0,0,161,0,28,0,2,3295,949,1209,2260,0,2324,7714,10546,NEW,NEW,NEW,dynamic
2025-08-17T11:39:46Z,100,64,15,4,0,0,228,0,51,0,2,3385,2147,1108,2037,0,2283,8678,10981,NEW,NEW,NEW,dynamic
2025-08-17T11:39:48Z,100,137,14,3,0,0,137,0,31,0,2,3908,3090,1611,1500,0,2705,10111,13120,NEW,NEW,NEW,dynamic
2025-08-17T11:39:49Z,100,103,12,3,0,0,140,0,43,0,2,3937,2821,1664,931,0,3889,9354,13621,NEW,NEW,NEW,dynamic
2025-08-17T11:39:49Z,100,98,13,3,0,0,95,0,42,0,2,5470,3328,1609,2063,0,1326,12471,14090,NEW,NEW,NEW,dynamic
2025-08-17T11:39:49Z,100,72,15,4,0,0,225,0,50,0,2,5723,3145,1560,2160,0,1220,12590,14098,NEW,NEW,NEW,dynamic
2025-08-17T11:39:50Z,100,113,14,3,0,0,140,0,36,0,2,5487,4378,1484,2377,0,779,13728,14591,NEW,NEW,NEW,dynamic
2025-08-17T11:39:50Z,100,82,15,4,1,0,295,0,49,0,10,7314,4109,1252,1420,0,499,14095,14603,NEW,NEW,NEW,dynamic
2025-08-17T11:39:50Z,100,82,12,2,0,0,141,0,32,0,2,7193,3810,1071,1784,0,679,13860,14605,NEW,NEW,NEW,dynamic
2025-08-17T11:39:50Z,100,87,13,4,0,0,166,0,52,0,2,8437,3497,1700,471,0,631,14107,14743,NEW,NEW,NEW,dynamic
2025-08-17T11:39:50Z,100,63,14,4,0,0,224,0,53,0,2,8717,3365,1177,835,0,634,14096,14738,NEW,NEW,NEW,dynamic
2025-08-17T11:39:51Z,100,89,14,3,0,0,179,0,32,0,2,387,55,391,32,0,163,866,1030,NEW,NEW,NEW,dynamic
2025-08-17T11:39:52Z,100,89,14,3,0,0,179,0,32,0,2,320,50,351,27,0,155,750,907,NEW,NEW,NEW,dynamic
2025-08-17T11:39:53Z,100,63,14,4,0,0,224,0,53,0,2,314,60,320,29,0,158,725,885,NEW,NEW,NEW,dynamic
2025-08-17T11:39:53Z,100,103,12,3,0,0,140,0,43,0,2,319,52,349,26,0,153,747,902,NEW,NEW,NEW,dynamic
2025-08-17T11:39:54Z,100,98,13,3,0,0,95,0,42,0,2,314,54,340,29,0,162,739,902,NEW,NEW,NEW,dynamic
2025-08-17T11:39:55Z,100,108,12,2,0,0,161,0,28,0,2,320,53,438,27,0,157,839,998,NEW,NEW,NEW,dynamic
2025-08-17T11:39:56Z,100,87,13,4,0,0,166,0,52,0,2,316,50,408,26,0,159,802,963,NEW,NEW,NEW,dynamic
2025-08-17T11:39:57Z,100,72,15,4,0,0,225,0,50,0,2,310,49,334,34,0,164,728,894,NEW,NEW,NEW,dynamic
2025-08-17T11:39:58Z,100,96,12,3,0,0,101,0,30,0,2,309,53,409,26,0,153,799,954,NEW,NEW,NEW,dynamic
2025-08-17T11:39:59Z,100,82,12,2,0,0,141,0,32,0,2,300,53,438,31,0,165,824,990,NEW,NEW,NEW,dynamic
2025-08-17T11:40:00Z,100,82,15,4,1,0,295,0,49,0,10,314,72,325,27,0,153,739,894,NEW,NEW,NEW,dynamic
2025-08-17T11:40:01Z,100,64,15,4,0,0,228,0,51,0,2,318,55,328,27,0,157,729,888,NEW,NEW,NEW,dynamic
2025-08-17T11:40:02Z,100,113,14,3,0,0,140,0,36,0,2,327,50,397,35,0,175,811,988,NEW,NEW,NEW,dynamic
2025-08-17T11:40:03Z,100,137,14,3,0,0,137,0,31,0,2,359,59,448,32,0,174,899,1074,NEW,NEW,NEW,dynamic
2025-08-17T11:41:53Z,315,89,16,3,1,0,179,0,32,0,6,298,46,363,32,0,179,741,922,NEW,NEW,NEW,dynamic
2025-08-17T11:42:07Z,315,83,15,3,1,0,252,0,47,0,9,407,53,366,27,0,158,855,1015,NEW,NEW,NEW,dynamic
2025-08-17T12:18:27Z,100,107,14,2,0,0,185,0,26,0,2,13713,249,686,135,0,326,14785,15124,NEW,NEW,NEW,dynamic
2025-08-17T12:18:36Z,100,111,14,2,0,0,130,0,25,0,2,15807,732,2040,1639,0,2803,20220,23356,NEW,NEW,NEW,dynamic
2025-08-17T12:18:36Z,100,101,14,2,0,0,160,0,25,0,2,15834,1677,1721,1429,0,2761,20663,23633,NEW,NEW,NEW,dynamic
2025-08-17T12:18:39Z,100,111,12,2,0,0,135,0,26,0,2,16820,3053,1354,2436,0,2740,23664,26645,NEW,NEW,NEW,dynamic
2025-08-17T12:18:42Z,100,89,15,3,0,0,208,0,34,0,2,18814,2566,2649,2588,0,2631,26619,29526,NEW,NEW,NEW,dynamic
2025-08-17T12:18:42Z,100,123,14,2,0,0,109,0,23,0,2,19213,2784,3087,2892,0,2171,27978,30164,NEW,NEW,NEW,dynamic
2025-08-17T12:18:43Z,100,99,15,3,0,0,190,0,44,0,2,21102,4094,2575,1649,0,1208,29422,30881,NEW,NEW,NEW,dynamic
2025-08-17T12:18:44Z,100,113,14,2,0,0,121,0,25,0,2,21226,3965,2778,1953,0,1289,29924,31427,NEW,NEW,NEW,dynamic
2025-08-17T12:18:44Z,100,97,13,2,0,0,214,0,32,0,2,25492,2882,1563,800,0,1067,30738,31902,NEW,NEW,NEW,dynamic
2025-08-17T12:18:46Z,100,100,15,3,0,0,190,0,28,0,2,29948,1481,849,1012,0,340,33292,33737,NEW,NEW,NEW,dynamic
2025-08-17T12:18:52Z,100,100,15,3,0,0,190,0,28,0,2,3073,688,1459,821,0,1404,6042,7581,NEW,NEW,NEW,dynamic
2025-08-17T12:18:53Z,100,123,14,2,0,0,109,0,23,0,2,3541,1803,1081,927,0,634,7354,8105,NEW,NEW,NEW,dynamic
2025-08-17T12:18:53Z,100,113,14,2,0,0,121,0,25,0,2,5232,1255,1258,224,0,467,7970,8564,NEW,NEW,NEW,dynamic
2025-08-17T12:18:56Z,100,99,15,3,0,0,190,0,44,0,2,8537,491,1293,727,0,713,11050,11845,NEW,NEW,NEW,dynamic
2025-08-17T12:18:57Z,100,97,13,2,0,0,214,0,32,0,2,8921,1127,1379,438,0,293,11868,12170,NEW,NEW,NEW,dynamic
2025-08-17T12:18:58Z,100,89,15,3,0,0,208,0,34,0,2,664,119,555,63,0,258,1403,1664,NEW,NEW,NEW,dynamic
2025-08-17T12:19:00Z,100,89,15,3,0,0,208,0,34,0,2,537,106,582,52,0,357,1278,1637,NEW,NEW,NEW,dynamic
2025-08-17T12:19:02Z,100,97,13,2,0,0,214,0,32,0,2,640,109,635,54,0,316,1439,1757,NEW,NEW,NEW,dynamic
2025-08-17T12:19:04Z,100,101,14,2,0,0,160,0,25,0,2,703,122,912,71,0,338,1810,2151,NEW,NEW,NEW,dynamic
2025-08-17T12:19:06Z,100,99,15,3,0,0,190,0,44,0,2,767,149,976,64,0,296,1957,2256,NEW,NEW,NEW,dynamic
2025-08-17T12:19:08Z,100,89,15,3,0,0,208,0,34,0,2,681,124,818,55,0,284,1680,1966,NEW,NEW,NEW,dynamic
2025-08-17T12:19:10Z,100,107,14,2,0,0,185,0,26,0,2,604,120,690,67,0,254,1483,1740,NEW,NEW,NEW,dynamic
2025-08-17T12:19:12Z,100,111,12,2,0,0,135,0,26,0,2,753,119,837,86,0,370,1796,2169,NEW,NEW,NEW,dynamic
2025-08-17T12:19:14Z,100,111,14,2,0,0,130,0,25,0,2,953,163,752,73,0,275,1942,2220,NEW,NEW,NEW,dynamic
2025-08-17T12:19:17Z,100,100,15,3,0,0,190,0,28,0,2,685,132,955,80,0,514,1853,2370,NEW,NEW,NEW,dynamic
2025-08-17T12:19:19Z,100,123,14,2,0,0,109,0,23,0,2,1076,120,821,62,0,296,2080,2380,NEW,NEW,NEW,dynamic
2025-08-17T12:19:21Z,100,113,14,2,0,0,121,0,25,0,2,712,115,795,68,0,436,1692,2130,NEW,NEW,NEW,dynamic
2025-08-17T12:22:03Z,100,123,14,2,0,0,109,0,23,0,2,8296,115,665,100,0,258,9177,9443,NEW,NEW,NEW,dynamic
2025-08-17T12:22:16Z,100,111,12,2,0,0,135,0,26,0,2,16905,622,1616,756,0,1950,19901,22075,NEW,NEW,NEW,dynamic
2025-08-17T12:22:17Z,100,111,14,2,0,0,130,0,25,0,2,17420,1913,1528,1486,0,667,22349,23239,NEW,NEW,NEW,dynamic
2025-08-17T12:22:18Z,100,113,14,2,0,0,121,0,25,0,2,19220,1938,1429,261,0,1190,22849,24185,NEW,NEW,NEW,dynamic
2025-08-17T12:22:18Z,100,101,14,2,0,0,160,0,25,0,2,19186,2063,1399,421,0,1107,23071,24354,NEW,NEW,NEW,dynamic
2025-08-17T12:22:21Z,100,89,15,3,0,0,208,0,34,0,2,24330,342,1152,339,0,839,26164,27038,NEW,NEW,NEW,dynamic
2025-08-17T12:22:21Z,100,107,14,2,0,0,185,0,26,0,2,23922,659,1288,316,0,745,26186,27041,NEW,NEW,NEW,dynamic
2025-08-17T12:22:23Z,100,99,15,3,0,0,190,0,44,0,2,26329,761,589,238,0,668,27919,28704,NEW,NEW,NEW,dynamic
2025-08-17T12:22:25Z,100,97,13,2,0,0,214,0,32,0,2,28129,629,1145,536,0,351,30440,30797,NEW,NEW,NEW,dynamic
2025-08-17T12:22:25Z,100,100,15,3,0,0,190,0,28,0,2,28408,825,1212,228,0,491,30675,31168,NEW,NEW,NEW,dynamic
2025-08-17T12:22:52Z,100,97,13,2,0,0,214,0,32,0,2,3184,484,1016,586,0,351,5272,5718,NEW,NEW,NEW,dynamic
2025-08-17T12:22:52Z,100,100,15,3,0,0,190,0,28,0,2,3560,921,911,197,0,285,5591,5885,NEW,NEW,NEW,dynamic
2025-08-17T12:23:13Z,100,89,15,3,0,0,208,0,34,0,2,2200,131,796,58,0,261,3187,3450,NEW,NEW,NEW,dynamic
2025-08-17T12:23:14Z,100,89,15,3,0,0,208,0,34,0,2,582,117,862,68,0,256,1630,1889,NEW,NEW,NEW,dynamic
2025-08-17T12:23:16Z,100,89,15,3,0,0,208,0,34,0,2,579,106,735,60,0,243,1481,1726,NEW,NEW,NEW,dynamic
2025-08-17T12:23:18Z,100,100,15,3,0,0,190,0,28,0,2,623,103,833,65,0,270,1627,1899,NEW,NEW,NEW,dynamic
2025-08-17T12:23:20Z,100,101,14,2,0,0,160,0,25,0,2,650,125,894,56,0,245,1726,1974,NEW,NEW,NEW,dynamic
2025-08-17T12:23:22Z,100,97,13,2,0,0,214,0,32,0,2,598,106,709,59,0,239,1473,1715,NEW,NEW,NEW,dynamic
2025-08-17T12:23:24Z,100,99,15,3,0,0,190,0,44,0,2,573,104,912,57,0,231,1648,1881,NEW,NEW,NEW,dynamic
2025-08-17T12:23:26Z,100,111,12,2,0,0,135,0,26,0,2,696,110,993,61,0,241,1861,2104,NEW,NEW,NEW,dynamic
2025-08-17T12:23:28Z,100,107,14,2,0,0,185,0,26,0,2,596,99,929,62,0,298,1688,1989,NEW,NEW,NEW,dynamic
2025-08-17T12:23:30Z,100,113,14,2,0,0,121,0,25,0,2,733,157,1302,69,0,362,2262,2626,NEW,NEW,NEW,dynamic
2025-08-17T12:23:32Z,100,111,14,2,0,0,130,0,25,0,2,706,109,800,60,0,300,1677,1979,NEW,NEW,NEW,dynamic
2025-08-17T12:23:56Z,100,123,14,2,0,0,109,0,23,0,2,2194,125,782,57,0,245,3159,3407,NEW,NEW,NEW,dynamic
2025-08-17T12:24:47Z,100,97,13,2,0,0,214,0,32,0,2,4210,2396,2531,4692,0,4265,13830,18601,NEW,NEW,NEW,dynamic
2025-08-17T12:24:47Z,100,123,14,2,0,0,109,0,23,0,2,4357,2636,3187,4513,0,3360,14695,18667,NEW,NEW,NEW,dynamic
2025-08-17T12:24:47Z,100,89,15,3,0,0,208,0,34,0,2,5271,3350,3103,5765,0,1284,17491,19027,NEW,NEW,NEW,dynamic
2025-08-17T12:24:48Z,100,111,12,2,0,0,135,0,26,0,2,5690,4154,5672,2803,0,1422,18321,19947,NEW,NEW,NEW,dynamic
2025-08-17T12:24:48Z,100,113,14,2,0,0,121,0,25,0,2,6008,5482,4730,2542,0,1271,18763,20090,NEW,NEW,NEW,dynamic
2025-08-17T12:24:48Z,100,107,14,2,0,0,185,0,26,0,2,6672,5556,4857,1440,0,1425,18527,20035,NEW,NEW,NEW,dynamic
2025-08-17T12:24:49Z,100,100,15,3,0,0,190,0,28,0,2,5973,4112,4803,3782,0,1580,18672,20333,NEW,NEW,NEW,dynamic
2025-08-17T12:24:49Z,100,99,15,3,0,0,190,0,44,0,2,6369,5711,5292,1400,0,1495,18773,20318,NEW,NEW,NEW,dynamic
2025-08-17T12:24:49Z,100,111,14,2,0,0,130,0,25,0,2,6053,5299,5230,1954,0,1568,18537,20275,NEW,NEW,NEW,dynamic
2025-08-17T12:24:49Z,100,101,14,2,0,0,160,0,25,0,2,6618,7853,3383,964,0,1433,18820,20412,NEW,NEW,NEW,dynamic
2025-08-17T12:24:51Z,100,89,15,3,0,0,208,0,34,0,2,616,108,797,55,0,248,1577,1827,NEW,NEW,NEW,dynamic
2025-08-17T12:24:52Z,100,89,15,3,0,0,208,0,34,0,2,687,118,655,61,0,255,1523,1780,NEW,NEW,NEW,dynamic
2025-08-17T12:24:54Z,100,89,15,3,0,0,208,0,34,0,2,572,96,631,52,0,234,1353,1589,NEW,NEW,NEW,dynamic
2025-08-17T12:24:56Z,100,100,15,3,0,0,190,0,28,0,2,604,101,1107,62,0,280,1876,2158,NEW,NEW,NEW,dynamic
2025-08-17T12:24:58Z,100,99,15,3,0,0,190,0,44,0,2,627,105,698,64,0,237,1495,1734,NEW,NEW,NEW,dynamic
2025-08-17T12:25:00Z,100,123,14,2,0,0,109,0,23,0,2,613,109,784,54,0,277,1561,1841,NEW,NEW,NEW,dynamic
2025-08-17T12:25:02Z,100,113,14,2,0,0,121,0,25,0,2,724,228,906,64,0,239,1923,2165,NEW,NEW,NEW,dynamic
2025-08-17T12:25:04Z,100,107,14,2,0,0,185,0,26,0,2,600,101,689,52,0,243,1444,1690,NEW,NEW,NEW,dynamic
2025-08-17T12:25:05Z,100,97,13,2,0,0,214,0,32,0,2,610,114,725,56,0,239,1506,1747,NEW,NEW,NEW,dynamic
2025-08-17T12:25:07Z,100,111,14,2,0,0,130,0,25,0,2,723,153,822,65,0,246,1763,2012,NEW,NEW,NEW,dynamic
2025-08-17T12:25:09Z,100,111,12,2,0,0,135,0,26,0,2,581,113,709,63,0,214,1469,1685,NEW,NEW,NEW,dynamic
2025-08-17T12:25:11Z,100,101,14,2,0,0,160,0,25,0,2,600,109,775,63,0,228,1548,1779,NEW,NEW,NEW,dynamic
2025-08-17T12:29:40Z,100,111,14,2,0,0,130,0,25,0,2,8143,324,899,173,0,395,9540,9943,NEW,NEW,NEW,dynamic
2025-08-17T12:29:45Z,100,99,15,3,0,0,190,0,44,0,2,13252,230,927,114,0,294,14524,14830,NEW,NEW,NEW,dynamic
2025-08-17T12:29:49Z,100,113,14,2,0,0,121,0,25,0,2,16822,220,878,196,0,435,18117,18710,NEW,NEW,NEW,dynamic
2025-08-17T12:29:52Z,100,89,15,3,0,0,208,0,34,0,2,18313,623,899,384,0,1669,20221,21923,NEW,NEW,NEW,dynamic
2025-08-17T12:29:56Z,100,101,14,2,0,0,160,0,25,0,2,19816,1117,1666,888,0,2197,23489,25726,NEW,NEW,NEW,dynamic
2025-08-17T12:29:56Z,100,123,14,2,0,0,109,0,23,0,2,20195,1432,1750,785,0,1501,24163,26279,NEW,NEW,NEW,dynamic
2025-08-17T12:29:57Z,100,100,15,3,0,0,190,0,28,0,2,21580,1927,1163,1522,0,997,26193,27223,NEW,NEW,NEW,dynamic
2025-08-17T12:29:58Z,100,107,14,2,0,0,185,0,26,0,2,22014,1832,1659,657,0,1505,26164,27777,NEW,NEW,NEW,dynamic
2025-08-17T12:30:00Z,100,111,12,2,0,0,135,0,26,0,2,26076,1261,1318,690,0,485,29347,29956,NEW,NEW,NEW,dynamic
2025-08-17T12:30:00Z,100,97,13,2,0,0,214,0,32,0,2,27048,1605,948,210,0,261,29812,30180,NEW,NEW,NEW,dynamic
2025-08-17T12:30:04Z,100,97,13,2,0,0,214,0,32,0,2,723,110,919,55,0,233,1809,2044,NEW,NEW,NEW,dynamic
2025-08-17T12:30:06Z,100,89,15,3,0,0,208,0,34,0,2,575,103,680,55,0,235,1414,1651,NEW,NEW,NEW,dynamic
2025-08-17T12:30:08Z,100,89,15,3,0,0,208,0,34,0,2,474,120,668,59,0,313,1322,1637,NEW,NEW,NEW,dynamic
2025-08-17T12:30:10Z,100,113,14,2,0,0,121,0,25,0,2,739,132,1093,67,0,286,2033,2322,NEW,NEW,NEW,dynamic
2025-08-17T12:30:12Z,100,111,12,2,0,0,135,0,26,0,2,625,114,871,67,0,238,1678,1919,NEW,NEW,NEW,dynamic
2025-08-17T12:30:14Z,100,99,15,3,0,0,190,0,44,0,2,578,104,998,64,0,270,1745,2017,NEW,NEW,NEW,dynamic
2025-08-17T12:30:16Z,100,89,15,3,0,0,208,0,34,0,2,622,102,709,61,0,206,1496,1705,NEW,NEW,NEW,dynamic
2025-08-17T12:30:17Z,100,123,14,2,0,0,109,0,23,0,2,502,112,731,67,0,236,1414,1652,NEW,NEW,NEW,dynamic
2025-08-17T12:30:19Z,100,111,14,2,0,0,130,0,25,0,2,521,102,882,63,0,277,1569,1849,NEW,NEW,NEW,dynamic
2025-08-17T12:30:21Z,100,97,13,2,0,0,214,0,32,0,2,590,110,691,67,0,229,1458,1690,NEW,NEW,NEW,dynamic
2025-08-17T12:30:23Z,100,101,14,2,0,0,160,0,25,0,2,556,107,935,55,0,235,1653,1890,NEW,NEW,NEW,dynamic
2025-08-17T12:30:25Z,100,107,14,2,0,0,185,0,26,0,2,516,110,843,52,0,270,1523,1795,NEW,NEW,NEW,dynamic
2025-08-17T12:30:26Z,100,100,15,3,0,0,190,0,28,0,2,575,111,738,69,0,225,1495,1722,NEW,NEW,NEW,dynamic
2025-08-17T12:38:04Z,100,79,14,3,0,0,205,0,36,0,2,8920,164,834,99,0,504,10020,10532,NEW,NEW,NEW,dynamic
2025-08-17T12:38:10Z,100,103,14,3,0,0,178,0,43,0,2,15151,189,799,115,0,270,16255,16531,NEW,NEW,NEW,dynamic
2025-08-17T12:38:12Z,100,87,14,4,0,0,169,0,55,0,2,16757,170,690,151,0,309,17769,18088,NEW,NEW,NEW,dynamic
2025-08-17T12:38:13Z,100,86,13,3,0,0,192,0,48,0,2,18533,184,642,101,0,250,19462,19718,NEW,NEW,NEW,dynamic
2025-08-17T12:38:18Z,100,86,14,4,0,0,243,0,51,0,2,22944,254,713,124,0,283,24037,24336,NEW,NEW,NEW,dynamic
2025-08-17T12:38:22Z,100,80,15,4,1,0,291,0,55,0,12,24741,809,881,275,0,1657,26708,28557,NEW,NEW,NEW,dynamic
2025-08-17T12:38:22Z,100,70,17,5,1,0,276,0,58,0,12,25484,1145,876,1040,0,372,28546,28934,NEW,NEW,NEW,dynamic
2025-08-17T12:38:23Z,100,86,14,3,0,0,201,0,45,0,2,25523,1379,1172,518,0,503,28594,29109,NEW,NEW,NEW,dynamic
2025-08-17T12:38:26Z,100,89,15,3,1,0,198,0,45,0,7,29442,512,1078,570,0,473,31604,32251,NEW,NEW,NEW,dynamic
2025-08-17T12:38:27Z,100,107,14,4,0,0,210,0,58,0,2,29909,1232,759,363,0,1235,32265,33506,NEW,NEW,NEW,dynamic
2025-08-17T12:38:30Z,100,239,15,4,1,0,193,0,66,0,8,33475,632,1379,806,0,332,36293,36701,NEW,NEW,NEW,dynamic
2025-08-17T12:38:30Z,100,82,14,3,0,0,242,0,43,0,2,34279,1261,791,208,0,371,36540,36926,NEW,NEW,NEW,dynamic
2025-08-17T12:38:37Z,100,107,14,4,0,0,210,0,58,0,2,5926,806,1321,1181,0,1452,9236,10879,NEW,NEW,NEW,dynamic
2025-08-17T12:38:37Z,100,89,15,3,1,0,198,0,45,0,7,6387,1695,960,1577,0,603,10620,11270,NEW,NEW,NEW,dynamic
2025-08-17T12:38:38Z,100,239,15,4,1,0,193,0,66,0,8,7124,1938,1413,508,0,1151,10985,12197,NEW,NEW,NEW,dynamic
2025-08-17T12:38:38Z,100,82,14,3,0,0,242,0,43,0,2,10236,1021,742,221,0,248,12221,12476,NEW,NEW,NEW,dynamic
2025-08-17T12:38:40Z,100,89,15,3,0,0,208,0,34,0,2,608,117,818,56,0,252,1601,1855,NEW,NEW,NEW,dynamic
2025-08-17T12:38:42Z,100,89,15,3,0,0,208,0,34,0,2,528,117,902,62,0,264,1610,1876,NEW,NEW,NEW,dynamic
2025-08-17T12:38:44Z,100,87,14,4,0,0,169,0,55,0,2,637,117,801,61,0,318,1618,1938,NEW,NEW,NEW,dynamic
2025-08-17T12:38:46Z,100,86,13,3,0,0,192,0,48,0,2,595,123,732,67,0,243,1519,1765,NEW,NEW,NEW,dynamic
2025-08-17T12:38:47Z,100,89,15,3,1,0,198,0,45,0,7,454,113,558,60,0,278,1186,1467,NEW,NEW,NEW,dynamic
2025-08-17T12:38:49Z,100,86,14,4,0,0,243,0,51,0,2,636,117,746,84,0,330,1585,1917,NEW,NEW,NEW,dynamic
2025-08-17T12:38:51Z,100,82,14,3,0,0,242,0,43,0,2,659,145,812,64,0,310,1682,1995,NEW,NEW,NEW,dynamic
2025-08-17T12:38:53Z,100,80,15,4,1,0,291,0,55,0,12,698,123,595,58,0,236,1475,1713,NEW,NEW,NEW,dynamic
2025-08-17T12:38:54Z,100,70,17,5,1,0,276,0,58,0,12,531,108,537,58,0,256,1236,1495,NEW,NEW,NEW,dynamic
2025-08-17T12:38:56Z,100,86,14,3,0,0,201,0,45,0,2,552,106,750,60,0,255,1469,1727,NEW,NEW,NEW,dynamic
2025-08-17T12:38:58Z,100,107,14,4,0,0,210,0,58,0,2,620,121,666,55,0,235,1464,1701,NEW,NEW,NEW,dynamic
2025-08-17T12:38:59Z,100,79,14,3,0,0,205,0,36,0,2,557,115,616,55,0,240,1344,1587,NEW,NEW,NEW,dynamic
2025-08-17T12:39:01Z,100,103,14,3,0,0,178,0,43,0,2,569,106,780,56,0,241,1513,1757,NEW,NEW,NEW,dynamic
2025-08-17T12:39:03Z,100,239,15,4,1,0,193,0,66,0,8,582,113,1094,53,0,220,1843,2065,NEW,NEW,NEW,dynamic
2025-08-17T12:41:13Z,315,89,16,3,1,0,208,0,34,0,7,1354,169,1562,90,0,455,3177,3635,NEW,NEW,NEW,dynamic
2025-08-17T12:41:23Z,315,71,18,5,1,0,270,0,58,0,12,1397,205,1330,106,0,509,3040,3552,NEW,NEW,NEW,dynamic
2025-08-17T12:41:42Z,315,89,16,3,1,0,208,0,34,0,7,1303,201,1778,122,0,522,3405,3931,NEW,NEW,NEW,dynamic
2025-08-17T23:14:22Z,315,82,13,2,0,0,201,0,32,0,2,751,151,816,61,0,267,1781,2063,NEW,NEW,NEW,dynamic
2025-08-17T23:20:16Z,315,73,13,2,0,0,180,0,22,0,2,83404,121,650,68,0,285,84245,84532,NEW,NEW,NEW,dynamic
2025-08-17T23:20:35Z,100,74,12,1,0,0,119,0,14,0,2,89496,215,938,82,0,595,90733,91331,NEW,NEW,NEW,dynamic
2025-08-17T23:20:42Z,100,110,9,1,0,0,68,0,16,0,2,93162,600,2843,492,0,1050,97098,98175,NEW,NEW,NEW,dynamic
2025-08-17T23:20:43Z,100,85,11,2,0,0,160,0,22,0,2,92818,588,2751,1013,0,1492,97171,98725,NEW,NEW,NEW,dynamic
2025-08-17T23:20:48Z,100,86,10,2,0,0,112,0,19,0,2,97143,1631,1589,3009,0,976,103373,104568,NEW,NEW,NEW,dynamic
2025-08-17T23:21:14Z,100,103,10,1,0,0,94,0,16,0,2,7586,3954,5619,8041,0,4680,25202,30009,NEW,NEW,NEW,dynamic
2025-08-17T23:21:16Z,100,116,10,1,0,0,82,0,14,0,2,10281,3103,8430,4780,0,5163,26595,32542,NEW,NEW,NEW,dynamic
2025-08-17T23:21:16Z,100,95,11,2,0,0,140,0,21,0,2,10162,2774,7438,6000,0,5506,26376,32623,NEW,NEW,NEW,dynamic
2025-08-17T23:21:16Z,100,74,12,1,0,0,119,0,14,0,2,10125,3845,6086,5264,0,6232,25322,32355,NEW,NEW,NEW,dynamic
2025-08-17T23:21:16Z,100,110,9,1,0,0,68,0,16,0,2,9901,2489,9998,3766,0,5661,26155,32376,NEW,NEW,NEW,dynamic
2025-08-17T23:21:17Z,100,96,11,2,0,0,144,0,21,0,2,10004,7573,6981,3723,0,4346,28283,32788,NEW,NEW,NEW,dynamic
2025-08-17T23:21:17Z,100,86,10,2,0,0,112,0,19,0,2,9946,5038,6259,6126,0,5405,27371,33289,NEW,NEW,NEW,dynamic
2025-08-17T23:21:17Z,100,99,12,2,0,0,150,0,21,0,2,10348,7389,7398,4004,0,3837,29140,33612,NEW,NEW,NEW,dynamic
2025-08-17T23:21:17Z,100,76,11,1,0,0,129,0,18,0,2,10977,7615,6100,3933,0,4229,28626,33337,NEW,NEW,NEW,dynamic
2025-08-17T23:21:17Z,100,85,11,2,0,0,160,0,22,0,2,6502,6122,7300,4377,0,3963,24303,28973,NEW,NEW,NEW,dynamic
2025-08-17T23:21:21Z,100,198,11,1,0,0,86,0,11,0,2,19886,7306,6270,1076,0,2913,34540,37686,NEW,NEW,NEW,dynamic
2025-08-17T23:21:44Z,100,76,11,1,0,0,129,0,18,0,2,7212,3497,3137,5553,0,7062,19400,27041,NEW,NEW,NEW,dynamic
2025-08-17T23:21:48Z,100,103,10,1,0,0,94,0,16,0,2,8022,4032,5333,7685,0,5608,25074,31015,NEW,NEW,NEW,dynamic
2025-08-17T23:21:49Z,100,85,11,2,0,0,160,0,22,0,2,10240,5085,5348,5849,0,4428,26524,31236,NEW,NEW,NEW,dynamic
2025-08-17T23:21:49Z,100,110,9,1,0,0,68,0,16,0,2,8083,5078,8782,4833,0,4322,26777,31360,NEW,NEW,NEW,dynamic
2025-08-17T23:21:49Z,100,86,10,2,0,0,112,0,19,0,2,10573,4792,6695,4670,0,4894,26731,31814,NEW,NEW,NEW,dynamic
2025-08-17T23:21:49Z,100,99,12,2,0,0,150,0,21,0,2,9351,4789,7832,6787,0,2918,28760,31725,NEW,NEW,NEW,dynamic
2025-08-17T23:21:49Z,100,96,11,2,0,0,144,0,21,0,2,10484,6956,5998,5404,0,2405,28843,31877,NEW,NEW,NEW,dynamic
2025-08-17T23:21:50Z,100,116,10,1,0,0,82,0,14,0,2,10584,8814,6599,4864,0,1910,30863,32954,NEW,NEW,NEW,dynamic
2025-08-17T23:21:50Z,100,95,11,2,0,0,140,0,21,0,2,10934,8226,6857,4475,0,2073,30494,32975,NEW,NEW,NEW,dynamic
2025-08-17T23:21:50Z,100,198,11,1,0,0,86,0,11,0,2,10487,7194,9447,3779,0,1955,30909,33004,NEW,NEW,NEW,dynamic
2025-08-17T23:21:52Z,100,74,12,1,0,0,119,0,14,0,2,10211,10456,4940,1996,0,2279,27605,29950,NEW,NEW,NEW,dynamic
2025-08-17T23:22:15Z,100,74,12,1,0,0,119,0,14,0,2,8624,3731,3410,6744,0,3529,22511,26316,NEW,NEW,NEW,dynamic
2025-08-17T23:22:15Z,100,86,10,2,0,0,112,0,19,0,2,9027,3409,4078,5885,0,3753,22401,26598,NEW,NEW,NEW,dynamic
2025-08-17T23:22:16Z,100,103,10,1,0,0,94,0,16,0,2,7992,3288,4621,6051,0,4133,21955,26579,NEW,NEW,NEW,dynamic
2025-08-17T23:22:16Z,100,99,12,2,0,0,150,0,21,0,2,9564,4635,4533,4198,0,3403,22931,26557,NEW,NEW,NEW,dynamic
2025-08-17T23:22:17Z,100,85,11,2,0,0,160,0,22,0,2,10272,5417,4944,3536,0,2880,24171,27306,NEW,NEW,NEW,dynamic
2025-08-17T23:22:17Z,100,76,11,1,0,0,129,0,18,0,2,9608,5504,4219,4347,0,2829,23680,27165,NEW,NEW,NEW,dynamic
2025-08-17T23:22:18Z,100,95,11,2,0,0,140,0,21,0,2,8422,6464,5374,3701,0,1992,23962,26321,NEW,NEW,NEW,dynamic
2025-08-17T23:22:18Z,100,110,9,1,0,0,68,0,16,0,2,10023,7234,4720,3498,0,2018,25477,28019,NEW,NEW,NEW,dynamic
2025-08-17T23:22:18Z,100,96,11,2,0,0,144,0,21,0,2,11263,8688,4044,1409,0,1819,25405,27658,NEW,NEW,NEW,dynamic
2025-08-17T23:22:18Z,100,116,10,1,0,0,82,0,14,0,2,9806,8504,3672,2936,0,2247,24919,27562,NEW,NEW,NEW,dynamic
2025-08-17T23:22:19Z,100,198,11,1,0,0,86,0,11,0,2,12393,7910,4821,1079,0,462,26204,26758,NEW,NEW,NEW,dynamic
2025-08-17T23:22:36Z,100,96,11,2,0,0,144,0,21,0,2,5779,1668,3575,3856,0,950,14880,15883,NEW,NEW,NEW,dynamic
2025-08-17T23:22:36Z,100,95,11,2,0,0,140,0,21,0,2,6056,1975,4045,2646,0,1023,14724,15858,NEW,NEW,NEW,dynamic
2025-08-17T23:22:37Z,100,76,11,1,0,0,129,0,18,0,2,6563,1858,3919,2626,0,1272,14968,16288,NEW,NEW,NEW,dynamic
2025-08-17T23:22:37Z,100,110,9,1,0,0,68,0,16,0,2,6864,2377,5086,1081,0,1179,15411,16698,NEW,NEW,NEW,dynamic
2025-08-17T23:22:37Z,100,198,11,1,0,0,86,0,11,0,2,6540,1970,5897,1039,0,1244,15446,16746,NEW,NEW,NEW,dynamic
2025-08-17T23:22:38Z,100,116,10,1,0,0,82,0,14,0,2,6981,4410,3425,1212,0,976,16029,17055,NEW,NEW,NEW,dynamic
2025-08-17T23:22:55Z,100,116,10,1,0,0,82,0,14,0,2,224154,1132,2518,2059,0,1173,229864,231233,NEW,NEW,NEW,dynamic
2025-08-17T23:22:57Z,100,95,11,2,0,0,140,0,21,0,2,225148,1847,2241,1537,0,2263,230775,233168,NEW,NEW,NEW,dynamic
2025-08-17T23:22:58Z,100,103,10,1,0,0,94,0,16,0,2,225276,3357,1723,2056,0,1491,232413,234147,NEW,NEW,NEW,dynamic
2025-08-17T23:23:00Z,100,76,11,1,0,0,129,0,18,0,2,229235,1993,1960,1053,0,1793,234244,236162,NEW,NEW,NEW,dynamic
2025-08-17T23:23:04Z,100,198,11,1,0,0,86,0,11,0,2,231085,3094,4747,435,0,888,239363,240291,NEW,NEW,NEW,dynamic
2025-08-17T23:23:04Z,100,96,11,2,0,0,144,0,21,0,2,233192,2021,3455,710,0,902,239380,240326,NEW,NEW,NEW,dynamic
2025-08-17T23:23:04Z,100,99,12,2,0,0,150,0,21,0,2,233216,3094,2700,469,0,1021,239480,240535,NEW,NEW,NEW,dynamic
2025-08-17T23:23:30Z,100,86,10,2,0,0,112,0,19,0,2,216006,2668,7139,4857,0,3044,230672,233907,NEW,NEW,NEW,dynamic
2025-08-17T23:23:30Z,100,74,12,1,0,0,119,0,14,0,2,216562,2907,6883,4386,0,2935,230739,233907,NEW,NEW,NEW,dynamic
2025-08-17T23:23:30Z,100,76,11,1,0,0,129,0,18,0,2,216670,2947,5623,6093,0,2559,231334,234076,NEW,NEW,NEW,dynamic
2025-08-17T23:23:30Z,100,110,9,1,0,0,68,0,16,0,2,216668,2263,8465,3971,0,2785,231370,234328,NEW,NEW,NEW,dynamic
2025-08-17T23:23:31Z,100,85,11,2,0,0,160,0,22,0,2,216547,2906,7272,4842,0,3025,231568,234721,NEW,NEW,NEW,dynamic
2025-08-17T23:23:31Z,100,95,11,2,0,0,140,0,21,0,2,216609,4148,7366,3594,0,3098,231718,234842,NEW,NEW,NEW,dynamic
2025-08-17T23:23:31Z,100,198,11,1,0,0,86,0,11,0,2,216056,2729,10356,2591,0,2564,231734,234862,NEW,NEW,NEW,dynamic
2025-08-17T23:23:31Z,100,96,11,2,0,0,144,0,21,0,2,218732,8850,3792,2195,0,1724,233571,235558,NEW,NEW,NEW,dynamic
2025-08-17T23:23:31Z,100,103,10,1,0,0,94,0,16,0,2,217726,7222,4647,2726,0,2695,232323,235268,NEW,NEW,NEW,dynamic
2025-08-17T23:23:32Z,100,116,10,1,0,0,82,0,14,0,2,218991,10910,2963,2629,0,356,235495,235877,NEW,NEW,NEW,dynamic
2025-08-17T23:23:32Z,100,99,12,2,0,0,150,0,21,0,2,225345,6931,2786,575,0,497,235639,236211,NEW,NEW,NEW,dynamic
2025-08-17T23:23:38Z,100,99,12,2,0,0,150,0,21,0,2,203854,680,1728,1705,0,1327,207968,209417,NEW,NEW,NEW,dynamic
2025-08-17T23:23:40Z,100,103,10,1,0,0,94,0,16,0,2,203866,2034,1713,642,0,1853,208257,210791,NEW,NEW,NEW,dynamic
2025-08-17T23:23:42Z,100,85,11,2,0,0,160,0,22,0,2,206222,2012,1840,1088,0,1641,211162,212905,NEW,NEW,NEW,dynamic
2025-08-17T23:23:42Z,100,76,11,1,0,0,129,0,18,0,2,206788,2111,1318,1048,0,1744,211266,213210,NEW,NEW,NEW,dynamic
2025-08-17T23:23:50Z,100,74,12,1,0,0,119,0,14,0,2,210955,2187,2551,2889,0,1758,218585,220795,NEW,NEW,NEW,dynamic
2025-08-17T23:23:50Z,100,110,9,1,0,0,68,0,16,0,2,211017,2565,3052,2989,0,1226,219625,220870,NEW,NEW,NEW,dynamic
2025-08-17T23:23:51Z,100,116,10,1,0,0,82,0,14,0,2,212590,3324,2884,1506,0,1248,220306,221849,NEW,NEW,NEW,dynamic
2025-08-17T23:23:51Z,100,86,10,2,0,0,112,0,19,0,2,213181,3729,2541,1409,0,1216,220862,222211,NEW,NEW,NEW,dynamic
2025-08-17T23:23:51Z,100,96,11,2,0,0,144,0,21,0,2,212720,3507,3383,1199,0,1296,220811,222191,NEW,NEW,NEW,dynamic
2025-08-17T23:23:52Z,100,95,11,2,0,0,140,0,21,0,2,216630,3360,1043,1057,0,440,222091,222586,NEW,NEW,NEW,dynamic
2025-08-17T23:23:53Z,100,198,11,1,0,0,86,0,11,0,2,221992,486,1101,78,0,347,223659,224054,NEW,NEW,NEW,dynamic
2025-08-17T23:43:58Z,100,116,10,2,0,0,119,0,25,0,2,88760,302,1011,188,0,377,90261,90649,NEW,NEW,NEW,dynamic
2025-08-17T23:44:05Z,100,100,11,1,0,0,108,0,16,0,2,95406,183,964,116,0,520,96670,97196,NEW,NEW,NEW,dynamic
2025-08-17T23:44:09Z,100,105,10,1,0,0,94,0,15,0,2,97258,536,1480,977,0,1178,100252,101545,NEW,NEW,NEW,dynamic
2025-08-17T23:44:12Z,100,100,11,2,0,0,147,0,22,0,2,97739,1659,1375,1127,0,1772,101902,103989,NEW,NEW,NEW,dynamic
2025-08-17T23:44:14Z,100,134,11,2,0,0,100,0,20,0,2,99366,1911,1453,1980,0,1663,104712,106630,NEW,NEW,NEW,dynamic
2025-08-17T23:44:16Z,100,107,11,2,0,0,142,0,22,0,2,100894,2100,2137,1423,0,1549,106556,108197,NEW,NEW,NEW,dynamic
2025-08-17T23:44:17Z,100,103,12,1,0,0,161,0,16,0,2,102737,2447,1624,917,0,1354,107726,109256,NEW,NEW,NEW,dynamic
2025-08-17T23:44:18Z,100,94,10,2,0,0,99,0,21,0,2,105224,2106,1403,598,0,832,109333,110173,NEW,NEW,NEW,dynamic

2025-08-17T23:44:19Z,100,153,10,1,0,0,96,0,14,0,2,109703,530,969,59,0,258,111262,111522,NEW,NEW,NEW,dynamic
2025-08-17T23:44:46Z,100,116,10,2,0,0,119,0,25,0,2,4771,1861,2119,4179,0,3667,12931,16871,NEW,NEW,NEW,dynamic
2025-08-17T23:44:47Z,100,105,10,1,0,0,94,0,15,0,2,6064,2933,3160,3134,0,2579,15292,18109,NEW,NEW,NEW,dynamic
2025-08-17T23:44:48Z,100,103,12,1,0,0,161,0,16,0,2,6584,3283,2585,3539,0,2741,15992,18929,NEW,NEW,NEW,dynamic
2025-08-17T23:44:48Z,100,134,11,2,0,0,100,0,20,0,2,6099,3027,3682,3261,0,2886,16070,19092,NEW,NEW,NEW,dynamic
2025-08-17T23:44:48Z,100,100,11,1,0,0,108,0,16,0,2,8170,5280,2453,1834,0,1631,17738,19604,NEW,NEW,NEW,dynamic
2025-08-17T23:44:49Z,100,94,10,2,0,0,99,0,21,0,2,6997,4674,2808,2599,0,2635,17079,19926,NEW,NEW,NEW,dynamic
2025-08-17T23:44:49Z,100,100,11,2,0,0,147,0,22,0,2,6945,5416,2686,2743,0,1855,17792,19847,NEW,NEW,NEW,dynamic
2025-08-17T23:44:51Z,100,107,11,2,0,0,142,0,22,0,2,10570,4931,2327,1628,0,2669,19458,22232,NEW,NEW,NEW,dynamic
2025-08-17T23:44:54Z,100,153,10,1,0,0,96,0,14,0,2,16794,2842,2510,1226,0,2054,23373,25446,NEW,NEW,NEW,dynamic
2025-08-17T23:44:55Z,100,89,12,2,0,0,169,0,21,0,2,19139,2157,1799,649,0,1732,23745,25772,NEW,NEW,NEW,dynamic
2025-08-17T23:44:59Z,100,72,12,2,0,0,176,0,22,0,2,2677,439,848,218,0,400,4183,4596,NEW,NEW,NEW,dynamic
2025-08-17T23:45:03Z,100,72,12,2,0,0,176,0,22,0,2,2627,278,667,172,0,304,3746,4069,NEW,NEW,NEW,dynamic
2025-08-17T23:45:09Z,100,100,11,2,0,0,147,0,22,0,2,3188,295,1059,142,0,407,4685,5100,NEW,NEW,NEW,dynamic
2025-08-17T23:45:11Z,100,89,12,2,0,0,169,0,21,0,2,100944,559,878,144,0,287,102527,102824,NEW,NEW,NEW,dynamic
2025-08-17T23:45:13Z,100,105,10,1,0,0,94,0,15,0,2,103055,273,1000,262,0,567,104591,105331,NEW,NEW,NEW,dynamic
2025-08-17T23:45:21Z,100,100,11,1,0,0,108,0,16,0,2,104466,1708,1460,2808,0,2152,110444,112968,NEW,NEW,NEW,dynamic
2025-08-17T23:45:22Z,100,103,12,1,0,0,161,0,16,0,2,105959,2097,2676,1719,0,1147,112453,113788,NEW,NEW,NEW,dynamic
2025-08-17T23:45:22Z,100,153,10,1,0,0,96,0,14,0,2,106008,1834,3187,1973,0,1057,113004,114105,NEW,NEW,NEW,dynamic
2025-08-17T23:45:23Z,100,134,11,2,0,0,100,0,20,0,2,106309,2403,3061,1210,0,1414,112986,114468,NEW,NEW,NEW,dynamic
2025-08-17T23:45:23Z,100,94,10,2,0,0,99,0,21,0,2,106736,2387,2899,1030,0,1348,113055,114485,NEW,NEW,NEW,dynamic
2025-08-17T23:45:26Z,100,100,11,2,0,0,147,0,22,0,2,112819,1779,2003,326,0,842,116927,117786,NEW,NEW,NEW,dynamic
2025-08-17T23:45:26Z,100,116,10,2,0,0,119,0,25,0,2,113179,1742,1819,230,0,1352,116972,118346,NEW,NEW,NEW,dynamic
2025-08-17T23:45:27Z,100,107,11,2,0,0,142,0,22,0,2,116551,561,1312,66,0,222,118492,118759,NEW,NEW,NEW,dynamic
2025-08-17T23:45:28Z,100,89,12,2,0,0,169,0,21,0,2,18361,135,807,57,0,253,19362,19628,NEW,NEW,NEW,dynamic
2025-08-17T23:45:30Z,100,105,10,1,0,0,94,0,15,0,2,571,125,932,59,0,317,1689,2008,NEW,NEW,NEW,dynamic
2025-08-17T23:45:32Z,100,94,10,2,0,0,99,0,21,0,2,556,129,636,55,0,240,1377,1619,NEW,NEW,NEW,dynamic
2025-08-17T23:45:34Z,100,116,10,2,0,0,119,0,25,0,2,547,122,765,57,0,251,1494,1747,NEW,NEW,NEW,dynamic
2025-08-17T23:45:36Z,100,153,10,1,0,0,96,0,14,0,2,536,120,1207,58,0,249,1922,2173,NEW,NEW,NEW,dynamic
2025-08-17T23:45:38Z,100,100,11,1,0,0,108,0,16,0,2,576,128,706,60,0,237,1470,1710,NEW,NEW,NEW,dynamic
2025-08-17T23:45:39Z,100,103,12,1,0,0,161,0,16,0,2,539,122,715,60,0,240,1437,1680,NEW,NEW,NEW,dynamic
2025-08-17T23:45:42Z,100,107,11,2,0,0,142,0,22,0,2,584,162,1038,67,0,403,1853,2258,NEW,NEW,NEW,dynamic
2025-08-17T23:45:43Z,100,134,11,2,0,0,100,0,20,0,2,549,122,822,55,0,231,1550,1783,NEW,NEW,NEW,dynamic
2025-08-18T00:37:26Z,100,72,12,2,0,0,202,0,22,0,2,82641,65,353,27,0,142,83087,83232,NEW,NEW,NEW,dynamic
2025-08-18T00:38:25Z,100,72,12,2,0,0,202,0,22,0,2,82257,53,336,25,0,137,82673,82812,NEW,NEW,NEW,dynamic
2025-08-18T00:45:35Z,100,72,12,2,0,0,202,0,22,0,2,83125,68,379,29,0,142,83602,83748,NEW,NEW,NEW,dynamic
2025-08-18T00:45:36Z,315,73,14,2,0,0,206,0,22,0,2,83933,47,393,26,0,149,84399,84553,NEW,NEW,NEW,dynamic
2025-08-18T00:46:12Z,100,72,12,2,0,0,202,0,22,0,2,273,49,356,23,0,141,704,846,NEW,NEW,NEW,dynamic
2025-08-18T00:46:13Z,100,109,12,3,0,0,107,0,28,0,2,311,49,422,24,0,143,807,951,NEW,NEW,NEW,dynamic
2025-08-18T00:46:14Z,100,68,16,3,1,0,434,0,37,0,18,290,57,387,23,0,137,759,897,NEW,NEW,NEW,dynamic
2025-08-18T00:46:15Z,100,139,10,2,0,0,90,0,21,0,2,449,47,529,31,0,190,1057,1248,NEW,NEW,NEW,dynamic
2025-08-18T00:46:16Z,100,101,11,2,0,0,138,0,19,0,2,295,57,462,27,0,160,843,1004,NEW,NEW,NEW,dynamic
2025-08-18T00:46:17Z,100,102,11,2,0,0,156,0,21,0,2,329,56,423,28,0,158,836,995,NEW,NEW,NEW,dynamic
2025-08-18T00:46:18Z,100,120,10,1,0,0,82,0,11,0,2,332,54,552,26,0,149,967,1118,NEW,NEW,NEW,dynamic
2025-08-18T00:46:19Z,100,75,13,2,0,0,230,0,21,0,2,315,51,329,28,0,156,724,882,NEW,NEW,NEW,dynamic
2025-08-18T00:46:20Z,100,180,11,1,0,0,78,0,15,0,2,354,55,800,29,0,162,1239,1403,NEW,NEW,NEW,dynamic
2025-08-18T00:46:21Z,100,72,12,2,0,0,202,0,22,0,2,344,63,403,28,0,157,840,998,NEW,NEW,NEW,dynamic
2025-08-18T00:46:22Z,100,109,12,3,0,0,107,0,28,0,2,323,57,483,28,0,169,892,1062,NEW,NEW,NEW,dynamic
2025-08-18T00:46:23Z,100,68,16,3,1,0,434,0,37,0,18,327,60,433,28,0,158,849,1008,NEW,NEW,NEW,dynamic
2025-08-18T00:46:25Z,100,139,10,2,0,0,90,0,21,0,2,315,52,712,27,0,154,1106,1262,NEW,NEW,NEW,dynamic
2025-08-18T00:46:26Z,100,101,11,2,0,0,138,0,19,0,2,335,79,505,28,0,169,949,1119,NEW,NEW,NEW,dynamic
2025-08-18T00:46:27Z,100,102,11,2,0,0,156,0,21,0,2,322,76,529,38,0,205,967,1174,NEW,NEW,NEW,dynamic
2025-08-18T00:46:28Z,100,120,10,1,0,0,82,0,11,0,2,356,55,876,39,0,222,1328,1552,NEW,NEW,NEW,dynamic
2025-08-18T00:46:30Z,100,75,13,2,0,0,230,0,21,0,2,565,86,511,39,0,298,1202,1503,NEW,NEW,NEW,dynamic
2025-08-18T00:46:32Z,100,180,11,1,0,0,78,0,15,0,2,764,131,1182,38,0,222,2116,2340,NEW,NEW,NEW,dynamic
2025-08-18T00:47:25Z,315,68,18,3,1,0,434,0,37,0,20,354,58,532,28,0,171,974,1147,NEW,NEW,NEW,dynamic
2025-08-18T00:48:40Z,100,66,16,2,1,0,414,0,35,0,17,299,55,377,28,0,136,761,899,NEW,NEW,NEW,dynamic
2025-08-18T00:48:41Z,100,101,11,2,0,0,160,0,22,0,2,382,58,414,23,0,145,879,1025,NEW,NEW,NEW,dynamic
2025-08-18T00:48:42Z,100,72,12,2,0,0,180,0,22,0,2,360,52,536,24,0,144,974,1119,NEW,NEW,NEW,dynamic
2025-08-18T00:48:43Z,100,96,11,1,0,0,89,0,14,0,2,333,63,476,29,0,163,902,1066,NEW,NEW,NEW,dynamic
2025-08-18T00:48:44Z,100,107,11,1,0,0,145,0,16,0,2,332,58,569,30,0,164,989,1155,NEW,NEW,NEW,dynamic
2025-08-18T00:48:45Z,100,105,11,1,0,0,125,0,14,0,2,335,52,515,37,0,176,940,1118,NEW,NEW,NEW,dynamic
2025-08-18T00:48:46Z,100,109,14,2,0,0,158,0,24,0,2,346,54,628,30,0,179,1059,1240,NEW,NEW,NEW,dynamic
2025-08-18T00:48:48Z,100,115,13,2,0,0,296,0,23,0,2,538,56,593,28,0,170,1216,1389,NEW,NEW,NEW,dynamic
2025-08-18T00:48:49Z,100,66,16,2,1,0,414,0,35,0,17,328,62,477,31,0,165,900,1067,NEW,NEW,NEW,dynamic
2025-08-18T00:48:50Z,100,101,11,2,0,0,160,0,22,0,2,318,56,461,27,0,155,864,1020,NEW,NEW,NEW,dynamic
2025-08-18T00:48:51Z,100,72,12,2,0,0,180,0,22,0,2,356,68,484,35,0,183,944,1129,NEW,NEW,NEW,dynamic
2025-08-18T00:48:52Z,100,96,11,1,0,0,89,0,14,0,2,428,69,539,31,0,169,1069,1240,NEW,NEW,NEW,dynamic
2025-08-18T00:48:53Z,100,107,11,1,0,0,145,0,16,0,2,332,53,639,27,0,180,1053,1234,NEW,NEW,NEW,dynamic
2025-08-18T00:48:55Z,100,105,11,1,0,0,125,0,14,0,2,335,71,639,33,0,194,1080,1275,NEW,NEW,NEW,dynamic
2025-08-18T00:48:56Z,100,109,14,2,0,0,158,0,24,0,2,403,62,553,32,0,177,1051,1230,NEW,NEW,NEW,dynamic
2025-08-18T00:48:58Z,100,115,13,2,0,0,296,0,23,0,2,665,90,993,45,0,181,1794,1977,NEW,NEW,NEW,dynamic
2025-08-18T00:49:16Z,315,109,16,2,1,0,158,0,24,0,7,357,47,573,26,0,142,1005,1149,NEW,NEW,NEW,dynamic
2025-08-18T00:50:53Z,315,72,14,2,0,0,202,0,22,0,2,320,50,456,30,0,154,857,1012,NEW,NEW,NEW,dynamic
2025-08-18T00:51:12Z,100,72,12,2,0,0,202,0,22,0,2,278,48,376,24,0,149,727,878,NEW,NEW,NEW,dynamic
2025-08-18T00:51:13Z,100,89,11,2,0,0,134,0,22,0,2,305,49,394,26,0,146,776,923,NEW,NEW,NEW,dynamic
2025-08-18T00:51:14Z,100,59,12,2,0,0,196,0,20,0,2,311,52,307,30,0,147,702,851,NEW,NEW,NEW,dynamic
2025-08-18T00:51:15Z,100,80,14,3,0,0,336,0,37,0,2,338,64,426,30,0,166,860,1028,NEW,NEW,NEW,dynamic
2025-08-18T00:51:16Z,100,79,15,3,1,0,457,0,51,0,19,407,54,478,27,0,154,969,1124,NEW,NEW,NEW,dynamic
2025-08-18T00:51:17Z,100,90,12,1,0,0,140,0,14,0,2,324,52,589,25,0,151,992,1144,NEW,NEW,NEW,dynamic
2025-08-18T00:51:18Z,100,63,15,2,1,0,469,0,36,0,20,313,53,409,28,0,161,805,967,NEW,NEW,NEW,dynamic
2025-08-18T00:51:19Z,100,116,11,2,0,0,114,0,19,0,2,330,57,543,26,0,158,958,1117,NEW,NEW,NEW,dynamic
2025-08-18T00:51:20Z,100,93,11,2,0,0,124,0,19,0,2,361,55,388,28,0,204,833,1039,NEW,NEW,NEW,dynamic
2025-08-18T00:51:21Z,100,107,15,3,1,0,306,0,36,0,13,351,57,490,26,0,153,925,1080,NEW,NEW,NEW,dynamic
2025-08-18T00:51:23Z,100,97,15,3,1,0,337,0,36,0,14,412,56,519,47,0,195,1035,1231,NEW,NEW,NEW,dynamic
2025-08-18T00:51:24Z,100,97,12,2,0,0,127,0,16,0,2,352,59,518,35,0,185,966,1153,NEW,NEW,NEW,dynamic
2025-08-18T00:51:25Z,100,110,10,2,0,0,106,0,19,0,2,314,55,482,28,0,164,881,1046,NEW,NEW,NEW,dynamic
2025-08-18T00:51:26Z,100,71,13,2,0,0,245,0,22,0,2,331,56,508,36,0,202,932,1136,NEW,NEW,NEW,dynamic
2025-08-18T00:51:27Z,100,103,11,1,0,0,129,0,16,0,2,471,62,565,29,0,163,1128,1293,NEW,NEW,NEW,dynamic
2025-08-18T00:51:29Z,100,113,10,2,0,0,71,0,14,0,2,316,60,743,30,0,168,1151,1320,NEW,NEW,NEW,dynamic
2025-08-18T00:51:30Z,100,99,13,2,0,0,247,0,26,0,2,353,58,477,28,0,156,918,1076,NEW,NEW,NEW,dynamic
2025-08-18T00:51:31Z,100,94,10,1,0,0,99,0,16,0,2,379,53,495,35,0,173,963,1138,NEW,NEW,NEW,dynamic
2025-08-18T00:51:32Z,100,94,13,2,0,0,176,0,21,0,2,341,57,444,29,0,159,873,1034,NEW,NEW,NEW,dynamic
2025-08-18T00:51:33Z,100,93,12,2,0,0,155,0,20,0,2,338,55,453,27,0,181,874,1057,NEW,NEW,NEW,dynamic
2025-08-18T00:51:34Z,100,99,10,1,0,0,113,0,16,0,2,314,50,443,28,0,177,837,1015,NEW,NEW,NEW,dynamic
2025-08-18T00:51:35Z,100,96,11,2,0,0,98,0,14,0,2,388,57,445,26,0,163,918,1083,NEW,NEW,NEW,dynamic
2025-08-18T00:51:36Z,100,108,10,1,0,0,94,0,15,0,2,314,55,531,34,0,175,936,1112,NEW,NEW,NEW,dynamic
2025-08-18T00:51:37Z,100,105,14,2,0,0,290,0,29,0,2,339,58,524,33,0,156,956,1114,NEW,NEW,NEW,dynamic
2025-08-18T00:51:38Z,100,107,13,2,0,0,187,0,25,0,2,316,52,449,26,0,151,845,997,NEW,NEW,NEW,dynamic
2025-08-18T00:51:39Z,100,118,10,2,0,0,114,0,21,0,2,301,53,582,27,0,161,964,1126,NEW,NEW,NEW,dynamic
2025-08-18T00:51:41Z,100,127,11,1,0,0,75,0,14,0,2,335,53,539,26,0,151,955,1107,NEW,NEW,NEW,dynamic
2025-08-18T00:51:42Z,100,72,12,2,0,0,202,0,22,0,2,385,54,421,32,0,160,893,1055,NEW,NEW,NEW,dynamic
2025-08-18T00:51:43Z,100,89,11,2,0,0,134,0,22,0,2,314,54,416,26,0,154,812,967,NEW,NEW,NEW,dynamic
2025-08-18T00:51:44Z,100,59,12,2,0,0,196,0,20,0,2,310,53,541,33,0,174,939,1114,NEW,NEW,NEW,dynamic
2025-08-18T00:51:45Z,100,80,14,3,0,0,336,0,37,0,2,338,72,507,29,0,162,947,1111,NEW,NEW,NEW,dynamic
2025-08-18T00:51:46Z,100,79,15,3,1,0,457,0,51,0,19,316,55,462,27,0,153,862,1016,NEW,NEW,NEW,dynamic
2025-08-18T00:51:47Z,100,90,12,1,0,0,140,0,14,0,2,382,56,488,27,0,156,953,1110,NEW,NEW,NEW,dynamic
2025-08-18T00:51:48Z,100,63,15,2,1,0,469,0,36,0,20,309,55,406,28,0,154,799,954,NEW,NEW,NEW,dynamic
2025-08-18T00:51:49Z,100,116,11,2,0,0,114,0,19,0,2,316,59,565,25,0,149,967,1117,NEW,NEW,NEW,dynamic
2025-08-18T00:51:50Z,100,93,11,2,0,0,124,0,19,0,2,542,66,420,28,0,184,1057,1243,NEW,NEW,NEW,dynamic
2025-08-18T00:51:52Z,100,107,15,3,1,0,306,0,36,0,13,414,61,558,33,0,173,1068,1243,NEW,NEW,NEW,dynamic
2025-08-18T00:51:53Z,100,97,15,3,1,0,337,0,36,0,14,357,56,435,28,0,156,878,1036,NEW,NEW,NEW,dynamic
2025-08-18T00:51:54Z,100,97,12,2,0,0,127,0,16,0,2,341,52,469,27,0,153,890,1045,NEW,NEW,NEW,dynamic
2025-08-18T00:51:55Z,100,110,10,2,0,0,106,0,19,0,2,338,52,474,25,0,162,891,1054,NEW,NEW,NEW,dynamic
2025-08-18T00:51:56Z,100,71,13,2,0,0,245,0,22,0,2,349,52,387,27,0,163,816,981,NEW,NEW,NEW,dynamic
2025-08-18T00:51:57Z,100,103,11,1,0,0,129,0,16,0,2,319,54,577,33,0,184,984,1170,NEW,NEW,NEW,dynamic
2025-08-18T00:51:58Z,100,113,10,2,0,0,71,0,14,0,2,399,53,526,26,0,168,1006,1175,NEW,NEW,NEW,dynamic
2025-08-18T00:51:59Z,100,99,13,2,0,0,247,0,26,0,2,326,53,607,27,0,168,1013,1183,NEW,NEW,NEW,dynamic
2025-08-18T00:52:00Z,100,94,10,1,0,0,99,0,16,0,2,361,49,452,28,0,162,891,1055,NEW,NEW,NEW,dynamic
2025-08-18T00:52:01Z,100,94,13,2,0,0,176,0,21,0,2,333,64,451,26,0,157,876,1034,NEW,NEW,NEW,dynamic
2025-08-18T00:52:02Z,100,93,12,2,0,0,155,0,20,0,2,391,59,497,28,0,154,977,1133,NEW,NEW,NEW,dynamic
2025-08-18T00:52:03Z,100,99,10,1,0,0,113,0,16,0,2,328,49,440,27,0,156,846,1003,NEW,NEW,NEW,dynamic
2025-08-18T00:52:04Z,100,96,11,2,0,0,98,0,14,0,2,320,50,441,28,0,158,842,1001,NEW,NEW,NEW,dynamic
2025-08-18T00:52:06Z,100,108,10,1,0,0,94,0,15,0,2,307,49,508,28,0,166,894,1061,NEW,NEW,NEW,dynamic
2025-08-18T00:52:07Z,100,105,14,2,0,0,290,0,29,0,2,343,59,518,34,0,211,956,1169,NEW,NEW,NEW,dynamic
2025-08-18T00:52:08Z,100,107,13,2,0,0,187,0,25,0,2,352,63,468,29,0,163,912,1077,NEW,NEW,NEW,dynamic
2025-08-18T00:52:09Z,100,118,10,2,0,0,114,0,21,0,2,320,55,471,28,0,159,876,1036,NEW,NEW,NEW,dynamic
2025-08-18T00:52:10Z,100,127,11,1,0,0,75,0,14,0,2,308,51,643,24,0,157,1027,1186,NEW,NEW,NEW,dynamic
2025-08-18T00:53:04Z,315,79,17,3,1,0,457,0,51,0,21,354,46,415,28,0,150,844,996,NEW,NEW,NEW,dynamic
2025-08-18T00:54:07Z,100,79,15,3,1,0,457,0,51,0,19,289,52,433,24,0,145,800,947,NEW,NEW,NEW,dynamic
2025-08-18T00:54:07Z,100,89,11,1,0,0,146,0,15,0,2,290,43,409,24,0,134,767,903,NEW,NEW,NEW,dynamic
2025-08-18T00:54:08Z,100,82,12,1,0,0,229,0,19,0,2,280,49,350,23,0,137,704,843,NEW,NEW,NEW,dynamic
2025-08-18T00:54:09Z,100,81,11,2,0,0,141,0,19,0,2,300,48,363,24,0,138,736,876,NEW,NEW,NEW,dynamic
2025-08-18T00:54:10Z,100,85,15,3,0,0,338,0,39,0,2,281,49,401,23,0,149,755,906,NEW,NEW,NEW,dynamic
2025-08-18T00:54:11Z,100,103,12,1,0,0,117,0,15,0,2,302,53,444,25,0,151,825,977,NEW,NEW,NEW,dynamic
2025-08-18T00:54:12Z,100,94,11,1,0,0,85,0,14,0,2,299,48,441,23,0,139,813,953,NEW,NEW,NEW,dynamic
2025-08-18T00:54:13Z,100,90,11,1,0,0,147,0,16,0,2,279,53,541,31,0,159,904,1065,NEW,NEW,NEW,dynamic
2025-08-18T00:54:14Z,100,88,10,1,0,0,138,0,15,0,2,421,53,455,28,0,172,958,1132,NEW,NEW,NEW,dynamic
2025-08-18T00:54:15Z,100,89,15,2,0,0,460,0,24,0,2,313,49,471,34,0,165,869,1036,NEW,NEW,NEW,dynamic
2025-08-18T00:54:16Z,100,107,12,2,0,0,222,0,23,0,2,330,55,532,28,0,152,946,1100,NEW,NEW,NEW,dynamic
2025-08-18T00:54:17Z,100,81,10,2,0,0,109,0,22,0,2,345,62,412,30,0,153,850,1006,NEW,NEW,NEW,dynamic
2025-08-18T00:54:19Z,100,117,13,2,0,0,154,0,28,0,2,326,65,602,38,0,219,1032,1252,NEW,NEW,NEW,dynamic
2025-08-18T00:54:20Z,100,94,12,1,0,0,127,0,16,0,2,431,58,478,29,0,167,998,1167,NEW,NEW,NEW,dynamic
2025-08-18T00:54:21Z,100,92,12,1,0,0,185,0,16,0,2,321,69,486,29,0,168,906,1076,NEW,NEW,NEW,dynamic
2025-08-18T00:54:22Z,100,99,10,1,0,0,113,0,16,0,2,318,59,422,27,0,166,827,995,NEW,NEW,NEW,dynamic
2025-08-18T00:54:23Z,100,78,13,2,0,0,187,0,21,0,2,323,58,455,34,0,185,871,1057,NEW,NEW,NEW,dynamic
2025-08-18T00:54:24Z,100,94,11,1,0,0,118,0,16,0,2,363,61,674,27,0,167,1127,1296,NEW,NEW,NEW,dynamic
2025-08-18T00:54:25Z,100,83,15,3,0,0,354,0,36,0,2,311,56,427,24,0,167,820,989,NEW,NEW,NEW,dynamic
2025-08-18T00:54:26Z,100,94,11,2,0,0,151,0,21,0,2,336,57,458,28,0,160,880,1041,NEW,NEW,NEW,dynamic
2025-08-18T00:54:27Z,100,86,11,2,0,0,170,0,22,0,2,329,63,469,32,0,157,894,1052,NEW,NEW,NEW,dynamic
2025-08-18T00:54:28Z,100,80,12,2,0,0,220,0,27,0,2,324,57,440,28,0,152,851,1005,NEW,NEW,NEW,dynamic
2025-08-18T00:54:29Z,100,87,14,3,0,0,316,0,39,0,2,370,60,503,30,0,160,965,1126,NEW,NEW,NEW,dynamic
2025-08-18T00:54:31Z,100,89,12,2,0,0,205,0,20,0,2,331,53,441,25,0,177,851,1029,NEW,NEW,NEW,dynamic
2025-08-18T00:54:32Z,100,84,13,2,0,0,239,0,28,0,2,356,54,420,27,0,168,859,1028,NEW,NEW,NEW,dynamic
2025-08-18T00:54:33Z,100,117,12,2,0,0,181,0,26,0,2,341,59,506,27,0,153,935,1089,NEW,NEW,NEW,dynamic
2025-08-18T00:54:34Z,100,109,12,1,0,0,219,0,14,0,2,316,52,816,44,0,192,1229,1423,NEW,NEW,NEW,dynamic
2025-08-18T00:54:35Z,100,97,12,1,0,0,102,0,16,0,2,376,81,563,29,0,176,1050,1227,NEW,NEW,NEW,dynamic
2025-08-18T00:54:36Z,100,79,15,3,1,0,457,0,51,0,19,368,60,458,27,0,166,914,1082,NEW,NEW,NEW,dynamic
2025-08-18T00:54:37Z,100,89,11,1,0,0,146,0,15,0,2,335,54,506,27,0,162,924,1087,NEW,NEW,NEW,dynamic
2025-08-18T00:54:38Z,100,82,12,1,0,0,229,0,19,0,2,325,53,397,27,0,153,802,957,NEW,NEW,NEW,dynamic
2025-08-18T00:54:40Z,100,81,11,2,0,0,141,0,19,0,2,316,56,485,35,0,193,894,1089,NEW,NEW,NEW,dynamic
2025-08-18T00:54:41Z,100,85,15,3,0,0,338,0,39,0,2,345,55,477,30,0,161,909,1073,NEW,NEW,NEW,dynamic
2025-08-18T00:54:42Z,100,103,12,1,0,0,117,0,15,0,2,320,58,466,27,0,160,873,1035,NEW,NEW,NEW,dynamic
2025-08-18T00:54:43Z,100,94,11,1,0,0,85,0,14,0,2,308,61,498,27,0,154,895,1050,NEW,NEW,NEW,dynamic
2025-08-18T00:54:44Z,100,90,11,1,0,0,147,0,16,0,2,324,59,445,26,0,155,856,1013,NEW,NEW,NEW,dynamic
2025-08-18T00:54:45Z,100,88,10,1,0,0,138,0,15,0,2,325,65,584,34,0,181,1009,1192,NEW,NEW,NEW,dynamic
2025-08-18T00:54:46Z,100,89,15,2,0,0,460,0,24,0,2,340,54,475,25,0,168,896,1065,NEW,NEW,NEW,dynamic
2025-08-18T00:54:47Z,100,107,12,2,0,0,222,0,23,0,2,324,61,540,34,0,159,960,1121,NEW,NEW,NEW,dynamic
2025-08-18T00:54:48Z,100,81,10,2,0,0,109,0,22,0,2,320,55,399,34,0,163,810,975,NEW,NEW,NEW,dynamic
2025-08-18T00:54:49Z,100,117,13,2,0,0,154,0,28,0,2,305,61,495,27,0,157,889,1048,NEW,NEW,NEW,dynamic
2025-08-18T00:54:50Z,100,94,12,1,0,0,127,0,16,0,2,396,55,521,33,0,196,1007,1205,NEW,NEW,NEW,dynamic
2025-08-18T00:54:51Z,100,92,12,1,0,0,185,0,16,0,2,370,58,455,26,0,175,911,1087,NEW,NEW,NEW,dynamic
2025-08-18T00:54:53Z,100,99,10,1,0,0,113,0,16,0,2,357,57,427,26,0,169,869,1039,NEW,NEW,NEW,dynamic
2025-08-18T00:54:54Z,100,78,13,2,0,0,187,0,21,0,2,313,58,450,27,0,169,850,1020,NEW,NEW,NEW,dynamic
2025-08-18T00:54:55Z,100,94,11,1,0,0,118,0,16,0,2,320,59,674,34,0,222,1089,1312,NEW,NEW,NEW,dynamic
2025-08-18T00:54:56Z,100,83,15,3,0,0,354,0,36,0,2,392,63,453,26,0,170,936,1107,NEW,NEW,NEW,dynamic
2025-08-18T00:54:57Z,100,94,11,2,0,0,151,0,21,0,2,327,54,612,31,0,192,1025,1219,NEW,NEW,NEW,dynamic
2025-08-18T00:54:58Z,100,86,11,2,0,0,170,0,22,0,2,353,51,446,34,0,164,886,1052,NEW,NEW,NEW,dynamic
2025-08-18T00:54:59Z,100,80,12,2,0,0,220,0,27,0,2,317,60,482,27,0,162,889,1052,NEW,NEW,NEW,dynamic
2025-08-18T00:55:01Z,100,87,14,3,0,0,316,0,39,0,2,411,63,566,28,0,157,1070,1229,NEW,NEW,NEW,dynamic
2025-08-18T00:55:02Z,100,89,12,2,0,0,205,0,20,0,2,323,55,476,27,0,176,882,1060,NEW,NEW,NEW,dynamic
2025-08-18T00:55:03Z,100,84,13,2,0,0,239,0,28,0,2,309,50,411,29,0,167,801,970,NEW,NEW,NEW,dynamic
2025-08-18T00:55:04Z,100,117,12,2,0,0,181,0,26,0,2,328,55,508,27,0,154,920,1076,NEW,NEW,NEW,dynamic
2025-08-18T00:55:05Z,100,109,12,1,0,0,219,0,14,0,2,317,57,520,27,0,174,923,1098,NEW,NEW,NEW,dynamic
2025-08-18T00:55:06Z,100,97,12,1,0,0,102,0,16,0,2,397,60,603,27,0,153,1087,1242,NEW,NEW,NEW,dynamic
2025-08-18T00:55:37Z,315,85,16,3,1,0,338,0,39,0,15,355,51,452,28,0,159,886,1047,NEW,NEW,NEW,dynamic
2025-08-18T03:25:48Z,315,85,17,2,1,0,422,0,32,0,19,6001,140,939,65,0,471,7146,7644,NEW,NEW,NEW,dynamic
